Название,Цена,Фото,Дата
Рюкзак Stussy,1 990 руб.,https://sun9-9.userapi.com/c850720/v850720008/19e829/oXUOH8McHFM.jpg,Wed Aug 28 19:26:56 2019
Свитшот Heron Preston ,1 990 руб.,https://sun9-30.userapi.com/c855628/v855628630/d5d87/Bp8mW8lxmEk.jpg,Wed Aug 28 15:12:46 2019
Худи RipnDip,2 490 руб.,https://sun9-50.userapi.com/c855636/v855636630/d4eb4/jELHrYqyytM.jpg,Wed Aug 28 15:11:42 2019
Свитшот Napapijri ,2 190 руб.,https://sun9-6.userapi.com/c851336/v851336630/1a84f9/VOnqRIsdix4.jpg,Wed Aug 28 15:10:52 2019
Свитшот SI ,2 590 руб.,https://sun9-34.userapi.com/c853520/v853520630/cf5ff/lSagy-O1zuY.jpg,Wed Aug 28 15:09:56 2019
Свитшот SI ,1 990 руб.,https://sun9-18.userapi.com/c852028/v852028630/1adc38/hZIZSlda73g.jpg,Wed Aug 28 15:09:13 2019
Свитшот SI ,2 790 руб.,https://sun9-20.userapi.com/c857424/v857424630/571db/F80XpYVjfbk.jpg,Wed Aug 28 15:08:37 2019
Свитшот SI ,2 490 руб.,https://sun9-30.userapi.com/c854128/v854128630/d2cb0/3BGD1I0A9bQ.jpg,Wed Aug 28 15:07:17 2019
Свитшот SI ,1 990 руб.,https://sun9-22.userapi.com/c853628/v853628630/d1f86/38Bm5lCw7FQ.jpg,Wed Aug 28 15:06:35 2019
Свитшот SI ,1 990 руб.,https://sun9-6.userapi.com/c857428/v857428630/5b752/Uqs3hua_QlY.jpg,Wed Aug 28 15:05:55 2019
Худи Heron Preston ,2 490 руб.,https://sun9-42.userapi.com/c851424/v851424630/198110/y6l_yFqrQP8.jpg,Wed Aug 28 15:04:41 2019
Худи Supreme ,2 490 руб.,https://sun9-12.userapi.com/c855336/v855336630/d5b6c/fwD0X4BJHBU.jpg,Wed Aug 28 15:03:45 2019
Свитшот OFF-white,1 990 руб.,https://sun9-20.userapi.com/c853428/v853428630/d566f/MFiOHDAVl2k.jpg,Wed Aug 28 15:03:13 2019
Худи Bape ,2 990 руб.,https://sun9-39.userapi.com/c856120/v856120630/d23b3/aBoXZg3T-wo.jpg,Wed Aug 28 15:02:37 2019
Худи Bape ,2 990 руб.,https://sun9-6.userapi.com/c855436/v855436630/d0cca/Irj_Dz0dQg4.jpg,Wed Aug 28 15:01:53 2019
Худи Bape ,2 990 руб.,https://sun9-6.userapi.com/c850720/v850720630/1a3f00/eVVM1od5VYU.jpg,Wed Aug 28 15:01:07 2019
Свитшот OFF-white,1 990 руб.,https://sun9-50.userapi.com/c857436/v857436630/5b7b9/uJl6Zlq7SOo.jpg,Wed Aug 28 15:00:34 2019
Худи Thrasher ,2 490 руб.,https://sun9-29.userapi.com/c858032/v858032238/59866/BaSPwH7KVwI.jpg,Wed Aug 28 14:59:35 2019
Худи Supreme ,2 490 руб.,https://sun9-40.userapi.com/c850528/v850528238/1a52aa/WGsjl_lUanA.jpg,Wed Aug 28 14:59:02 2019
Свитшот OFF-white,1 990 руб.,https://sun9-42.userapi.com/c855528/v855528238/ce1d2/aqcPSnM9B_E.jpg,Wed Aug 28 14:57:48 2019
Свитшот Heron Preston ,1 990 руб.,https://sun9-53.userapi.com/c855132/v855132238/d6e21/lYK3FyF43DA.jpg,Wed Aug 28 14:56:58 2019
Свитшот Champion ,1 990 руб.,https://sun9-51.userapi.com/c855224/v855224238/d3f49/anNMS9hiFI0.jpg,Wed Aug 28 14:55:43 2019
Свитшот Champion ,1 990 руб.,https://sun9-38.userapi.com/c855020/v855020238/d9026/QaCcdsqo2-Y.jpg,Wed Aug 28 14:54:41 2019
Свитшот Champion ,1 990 руб.,https://sun9-35.userapi.com/c855428/v855428238/d6487/1GNRusF4b5I.jpg,Wed Aug 28 14:53:59 2019
Худи SI ,2 790 руб.,https://sun9-41.userapi.com/c858120/v858120238/5888a/AnjCKPCBhaw.jpg,Wed Aug 28 14:52:57 2019
Свитшот OFF-white,1 990 руб.,https://sun9-53.userapi.com/c850324/v850324238/1cd11e/lYyxNLukuyA.jpg,Wed Aug 28 14:51:54 2019
Худи OFF-White ,2 490 руб.,https://sun9-8.userapi.com/c855032/v855032238/ccaa2/l-OQROmLgyU.jpg,Wed Aug 28 14:43:54 2019
Худи OFF-White ,2 490 руб.,https://sun9-13.userapi.com/c856124/v856124238/d2780/FdkVjFj4iOQ.jpg,Wed Aug 28 14:42:55 2019
Свитшот SI ,2 590 руб.,https://sun9-50.userapi.com/c854428/v854428238/d7116/3khc2EJGFLI.jpg,Wed Aug 28 14:36:55 2019
Свитшот SI,2 590 руб.,https://sun9-14.userapi.com/c854424/v854424238/d24a6/l7dw2f8ue6I.jpg,Wed Aug 28 14:36:27 2019
Свитшот SI ,2 590 руб.,https://sun9-49.userapi.com/c855024/v855024238/d7f74/6yBlT9tcCsc.jpg,Wed Aug 28 14:35:18 2019
Худи OFF-White ,2 490 руб.,https://sun9-54.userapi.com/c852232/v852232238/1afa38/trgo4GW8_S8.jpg,Wed Aug 28 14:34:21 2019
Худи OFF-White ,2 990 руб.,https://sun9-53.userapi.com/c850136/v850136238/1c9cab/6UJdNpl5lNQ.jpg,Wed Aug 28 14:30:31 2019
Худи OFF-White ,2 490 руб.,https://sun9-27.userapi.com/c856028/v856028238/db73c/eoQ7R0ykCAk.jpg,Wed Aug 28 14:24:51 2019
Худи Champion ,2 490 руб.,https://sun9-53.userapi.com/c858124/v858124238/59ed0/5bnTRxSvxyQ.jpg,Wed Aug 28 14:22:43 2019
Свитшот OFF-white,1 990 руб.,https://sun9-51.userapi.com/c855536/v855536238/d5478/zpuB71YW95c.jpg,Wed Aug 28 14:22:05 2019
Худи Champion ,2 490 руб.,https://sun9-35.userapi.com/c856036/v856036238/d5b69/pjY_EGH2q3M.jpg,Wed Aug 28 14:15:27 2019
Худи Thrasher ,2 490 руб.,https://sun9-8.userapi.com/c850132/v850132238/1c671a/jUy8QVKh3wg.jpg,Wed Aug 28 14:14:44 2019
Худи Champion ,2 490 руб.,https://sun9-37.userapi.com/c856132/v856132238/ca086/bLn9k_WoLaI.jpg,Wed Aug 28 14:13:41 2019
Свитшот Stussy ,1 990 руб.,https://sun9-11.userapi.com/c851536/v851536238/1ab5e2/ohDMXCh9QmU.jpg,Wed Aug 28 14:12:01 2019
Худи Champion ,2 490 руб.,https://sun9-56.userapi.com/c857520/v857520238/5bc63/IYRdRhztTeI.jpg,Wed Aug 28 14:11:22 2019
Свитшот OFF-white,2 490 руб.,https://sun9-52.userapi.com/c856128/v856128238/d5ef5/DEjs6CRONxg.jpg,Wed Aug 28 14:10:54 2019
Худи Champion ,2 490 руб.,https://sun9-41.userapi.com/c851320/v851320238/1a4397/sS2c84Ua3eU.jpg,Wed Aug 28 14:06:13 2019
Худи Champion ,2 490 руб.,https://sun9-27.userapi.com/c850720/v850720238/1a50dc/NHFka1G5MNY.jpg,Wed Aug 28 14:05:46 2019
Свитшот CP,1 990 руб.,https://sun9-9.userapi.com/c855428/v855428238/d63b7/ayK5XirIW4c.jpg,Wed Aug 28 14:03:29 2019
Худи Vlone,2 490 руб.,https://sun9-5.userapi.com/c854016/v854016994/d9be8/9D2FUL18bqQ.jpg,Wed Aug 28 13:58:26 2019
Свитшот RipnDip,1 990 руб.,https://sun9-33.userapi.com/c855136/v855136994/d6c46/bFI9_-0Eo7E.jpg,Wed Aug 28 13:57:48 2019
Свитшот Champion ,1 990 руб.,https://sun9-45.userapi.com/c852132/v852132994/1b2953/Uz1Kvf3VhPU.jpg,Wed Aug 28 13:53:38 2019
Худи Champion ,2 490 руб.,https://sun9-49.userapi.com/c852136/v852136994/1a9889/abt-_CjZtrA.jpg,Wed Aug 28 13:52:50 2019
Бомбер OFF-White ,3 490 руб.,https://sun9-43.userapi.com/c850324/v850324994/1cc03d/49Y9FEUcFZ0.jpg,Wed Aug 28 13:49:08 2019
Бомбер OFF-White ,3 490 руб.,https://sun9-39.userapi.com/c853424/v853424994/d8227/X3-pJ2RAhBo.jpg,Wed Aug 28 13:48:25 2019
Олимпийка Kappa ,2 490 руб.,https://sun9-40.userapi.com/c855324/v855324994/d6e9d/oMuv_mexE1I.jpg,Wed Aug 28 13:47:38 2019
Худи Napapijri ,2 790 руб.,https://sun9-17.userapi.com/c854120/v854120994/da93e/cBUDp6whOZk.jpg,Wed Aug 28 13:47:06 2019
Олимпийка Kappa ,2 490 руб.,https://sun9-6.userapi.com/c854128/v854128994/e195e/hUucFvmUKTI.jpg,Wed Aug 28 13:32:39 2019
Олимпийка Kappa ,2 490 руб.,https://sun9-7.userapi.com/c852320/v852320994/1b33fe/2hgbuaMKano.jpg,Wed Aug 28 13:31:09 2019
Спортивные штаны Kappa,2 490 руб.,https://sun9-2.userapi.com/c855520/v855520994/d4660/myJt66whKto.jpg,Wed Aug 28 13:09:49 2019
Спортивные штаны Kappa,2 490 руб.,https://sun9-46.userapi.com/c855524/v855524761/d7d2e/u9GjrDmA99M.jpg,Wed Aug 28 13:08:49 2019
Джоггеры TNF,2 490 руб.,https://sun9-44.userapi.com/c858232/v858232761/589cd/eeigZeSaSwU.jpg,Wed Aug 28 12:54:48 2019
Джоггеры Heron Preston ,2 490 руб.,https://sun9-12.userapi.com/c851432/v851432761/1a21e2/cU45ss32u-8.jpg,Wed Aug 28 12:54:03 2019
Джоггеры Evisu,2 490 руб.,https://sun9-21.userapi.com/c853624/v853624761/d92b0/tSEzJutbg-0.jpg,Wed Aug 28 12:53:03 2019
Рюкзак KANKEN classic,2 490 руб.,https://sun9-53.userapi.com/c855732/v855732236/b7fa4/2BrJz8BnIrg.jpg,Thu Aug  8 12:45:32 2019
Рюкзак KANKEN classic,1 990 руб.,https://sun9-31.userapi.com/c857728/v857728236/2a598/IYyZ9-vVC9c.jpg,Thu Aug  8 12:44:28 2019
Рюкзак KANKEN classic,2 490 руб.,https://sun9-29.userapi.com/c855532/v855532236/b6fc1/piiRI_eX92I.jpg,Thu Aug  8 12:44:02 2019
Рюкзак KANKEN ,2 190 руб.,https://sun9-49.userapi.com/c850436/v850436560/18a8b5/8qtZixTZufM.jpg,Wed Aug  7 14:41:16 2019
Рюкзак KANKEN ,1 990 руб.,https://sun9-13.userapi.com/c851416/v851416560/18b8c2/V5tdDj2etPM.jpg,Wed Aug  7 14:40:23 2019
Рюкзак KANKEN ,1 990 руб.,https://sun9-47.userapi.com/c855232/v855232560/b1e12/9UUjQ9wrvss.jpg,Wed Aug  7 14:40:03 2019
Рюкзак KANKEN ,1 990 руб.,https://sun9-22.userapi.com/c858416/v858416560/3895f/ijz3Nh52S5c.jpg,Wed Aug  7 14:39:42 2019
Рюкзак KANKEN ,1 990 руб.,https://sun9-1.userapi.com/c857736/v857736560/37647/TXyqRiGKVrg.jpg,Wed Aug  7 14:39:23 2019
Рюкзак KANKEN ,1 990 руб.,https://sun9-25.userapi.com/c850336/v850336560/1a7249/qDX93v86hi8.jpg,Wed Aug  7 14:38:43 2019
Рюкзак KANKEN mini,1 490 руб.,https://sun9-26.userapi.com/c849524/v849524560/1b7a8a/_ZB6YxMesAo.jpg,Wed Aug  7 14:38:17 2019
Рюкзак KANKEN ,2 190 руб.,https://sun9-19.userapi.com/c850336/v850336560/1a7239/oyCINd71pa8.jpg,Wed Aug  7 14:36:53 2019
Рюкзак KANKEN ,1 990 руб.,https://sun9-20.userapi.com/c851016/v851016560/189773/u1SbamoBKuM.jpg,Wed Aug  7 14:36:07 2019
Рюкзак KANKEN mini,1 490 руб.,https://sun9-55.userapi.com/c851124/v851124560/187563/FkuIoQ9qusU.jpg,Wed Aug  7 14:35:38 2019
Рюкзак KANKEN,1 990 руб.,https://sun9-14.userapi.com/c856024/v856024560/b72e4/-x2qlYQC7-Q.jpg,Wed Aug  7 14:35:16 2019
Рюкзак KANKEN mini,1 490 руб.,https://sun9-14.userapi.com/c850524/v850524560/18b291/8mOZxw1CDX0.jpg,Wed Aug  7 14:36:28 2019
Рюкзак KANKEN ,1 990 руб.,https://sun9-20.userapi.com/c857636/v857636560/32db4/Tje0CkMRmtE.jpg,Wed Aug  7 14:34:30 2019
Рюкзак KANKEN mini,1 490 руб.,https://sun9-10.userapi.com/c855532/v855532560/b68aa/rPKNmGt5TSY.jpg,Wed Aug  7 14:34:08 2019
Рюкзак KANKEN ,1 990 руб.,https://sun9-52.userapi.com/c858232/v858232560/38871/MWZnPWBVT5Q.jpg,Wed Aug  7 14:33:16 2019
Рюкзак KANKEN,2 490 руб.,https://sun9-1.userapi.com/c858220/v858220560/33473/4lLkpbe6Rnw.jpg,Wed Aug  7 14:32:54 2019
Рюкзак KANKEN,1 990 руб.,https://sun9-18.userapi.com/c854324/v854324560/b5897/H0I7EcuYqNY.jpg,Wed Aug  7 14:32:26 2019
Рюкзак KANKEN,1 990 руб.,https://sun9-40.userapi.com/c854324/v854324560/b5888/Nq9dApbPMbo.jpg,Wed Aug  7 14:32:01 2019
Рюкзак KANKEN,1 990 руб.,https://sun9-27.userapi.com/c850124/v850124560/1a9fa9/R-atXaJTFxI.jpg,Wed Aug  7 14:31:24 2019
Рюкзак KANKEN,1 990 руб.,https://sun9-20.userapi.com/c850424/v850424560/17a84d/Q3zVrVS475s.jpg,Wed Aug  7 14:31:06 2019
Хипак Carhartt ,990 руб.,https://sun9-31.userapi.com/c850424/v850424594/178525/wXX8myfIBVg.jpg,Sun Aug  4 13:17:53 2019
Хипак Carhartt ,990 руб.,https://sun9-12.userapi.com/c850120/v850120594/1abc72/Ru9vpg8Qmkw.jpg,Sun Aug  4 13:17:29 2019
Хипак Carhartt ,990 руб.,https://sun9-55.userapi.com/c853620/v853620594/b36de/tSAkln02x5U.jpg,Sun Aug  4 13:16:31 2019
Рюкзак Supreme,1 990 руб.,https://sun9-31.userapi.com/c854016/v854016594/b575d/R1c4uxNiOyg.jpg,Sun Aug  4 13:15:46 2019
Рюкзак Supreme ,1 990 руб.,https://sun9-22.userapi.com/c854416/v854416594/b0394/NLR5h3Bqpys.jpg,Sun Aug  4 13:15:12 2019
Рюкзак OFF ,1 990 руб.,https://sun9-55.userapi.com/c850736/v850736594/185406/SWfQ_dWhGLY.jpg,Sun Aug  4 13:14:32 2019
Рюкзак Carhartt ,1 990 руб.,https://sun9-40.userapi.com/c855220/v855220594/b215e/cT4trlV5N34.jpg,Sun Aug  4 13:13:57 2019
Рюкзак Carhartt ,1 990 руб.,https://sun9-41.userapi.com/c853624/v853624594/b8111/5KAVqXCobVQ.jpg,Sun Aug  4 13:12:56 2019
Рюкзак Carhartt ,1 990 руб.,https://sun9-39.userapi.com/c858028/v858028594/347fd/SlkcY4jH4ME.jpg,Sun Aug  4 13:11:57 2019
Часы ,990 руб.,https://sun9-13.userapi.com/c854428/v854428134/a89ea/ZtZ-pje5Q6Y.jpg,Thu Aug  1 13:33:55 2019
Часы ,990 руб.,https://sun9-31.userapi.com/c850336/v850336134/1a45c4/x8l4V0X3F-8.jpg,Thu Aug  1 13:33:42 2019
Часы ,990 руб.,https://sun9-29.userapi.com/c850120/v850120134/1a9782/mD90bsCJ5RU.jpg,Thu Aug  1 13:33:26 2019
Часы ,990 руб.,https://sun9-25.userapi.com/c851032/v851032134/17bd95/fwuYIVmjlb8.jpg,Thu Aug  1 13:33:10 2019
Часы ,990 руб.,https://sun9-45.userapi.com/c852220/v852220134/187591/kWn64NoWwbY.jpg,Thu Aug  1 13:32:55 2019
Часы ,990 руб.,https://sun9-52.userapi.com/c850220/v850220134/1a2dae/8NgVo1fyZ1g.jpg,Thu Aug  1 13:32:34 2019
Часы Casio,990 руб.,https://sun9-49.userapi.com/c858124/v858124134/307e5/-K5CNLhGaMc.jpg,Thu Aug  1 13:32:19 2019
Часы ,1 490 руб.,https://sun9-11.userapi.com/c852232/v852232291/182f31/JYlTXP92q7c.jpg,Sat Jul 27 17:28:14 2019
Часы ,1 490 руб.,https://sun9-14.userapi.com/c855616/v855616291/a5e05/vCMoZ9jyGNg.jpg,Sat Jul 27 17:26:41 2019
Часы ,1 490 руб.,https://sun9-11.userapi.com/c853524/v853524291/a49bf/YhA70aa-v1o.jpg,Sat Jul 27 17:25:19 2019
Часы ,1 490 руб.,https://sun9-49.userapi.com/c857624/v857624291/291ba/6kYGRYxPGMU.jpg,Sat Jul 27 17:26:00 2019
Часы ,1 490 руб.,https://sun9-48.userapi.com/c850136/v850136313/197898/ZmwaHDb71OY.jpg,Sat Jul 27 15:06:27 2019
Олимпийка Champon ,2 490 руб.,https://sun9-53.userapi.com/c855236/v855236070/a60e8/AsHRaZHVdHs.jpg,Fri Jul 26 17:27:31 2019
Олимпийка Champion ,2 490 руб.,https://sun9-43.userapi.com/c855736/v855736070/a5494/-njXtEyRrgA.jpg,Fri Jul 26 17:27:02 2019
Джоггеры Carhartt ,2 490 руб.,https://sun9-23.userapi.com/c854224/v854224070/a6664/PWcq3jsYWHA.jpg,Fri Jul 26 17:21:55 2019
Джоггеры Carhartt ,2 490 руб.,https://sun9-53.userapi.com/c849428/v849428853/1e491a/h_QuAyXdmH0.jpg,Fri Jul 26 16:45:09 2019
Шорты Stussy,830 руб.,https://sun9-51.userapi.com/c857536/v857536070/2711e/pFceSv2Y9hM.jpg,Fri Jul 26 17:19:59 2019
Шорты Stussy,830 руб.,https://sun9-26.userapi.com/c852020/v852020070/182e1f/F1enhr4bApk.jpg,Fri Jul 26 17:12:38 2019
Шорты OFF-White ,1 790 руб.,https://sun9-29.userapi.com/c852232/v852232070/17c769/RQmdlNyrYqM.jpg,Fri Jul 26 17:11:42 2019
Худи Champion,2 490 руб.,https://sun9-4.userapi.com/c857428/v857428853/2767c/KVGQ-5i08_k.jpg,Fri Jul 26 16:44:47 2019
Худи Champion,2 490 руб.,https://sun9-30.userapi.com/c850336/v850336853/19e1d4/iCpbx7DMiD8.jpg,Fri Jul 26 16:42:49 2019
Худи Champion,2 490 руб.,https://sun9-46.userapi.com/c855620/v855620853/a441d/5SvHPQFzSHI.jpg,Fri Jul 26 16:41:53 2019
Худи OFF-White ,2 490 руб.,https://sun9-30.userapi.com/c850324/v850324853/1a1df9/vHG-kNhCozU.jpg,Fri Jul 26 16:41:22 2019
Худи OFF-White ,2 490 руб.,https://sun9-39.userapi.com/c851520/v851520853/17b968/VVzw74-EtmM.jpg,Fri Jul 26 16:40:56 2019
Свитшот SI ,2 190 руб.,https://sun9-32.userapi.com/c854220/v854220853/9ec0d/lmgwGR5j-GE.jpg,Fri Jul 26 16:40:08 2019
Свитшот Champion ,1 990 руб.,https://sun9-40.userapi.com/c854320/v854320853/9ac85/dITdReeQjVE.jpg,Fri Jul 26 16:37:46 2019
Худи Champion,2 490 руб.,https://sun9-29.userapi.com/c850636/v850636853/16b341/qWoIlDhKopQ.jpg,Fri Jul 26 16:36:25 2019
Худи Champion ,2 490 руб.,https://sun9-13.userapi.com/c853624/v853624853/a8e3b/Qv4IH360md4.jpg,Fri Jul 26 16:35:08 2019
Свитшот Heron Preston ,1 990 руб.,https://sun9-46.userapi.com/c857736/v857736853/280bc/IrO6B4k1Da8.jpg,Fri Jul 26 16:34:00 2019
Худи Heron Preston,2 490 руб.,https://sun9-30.userapi.com/c850624/v850624853/173229/74mOxv07Cj4.jpg,Fri Jul 26 16:32:55 2019
Футболка Bape ,1 190 руб.,https://sun9-39.userapi.com/c858416/v858416630/26ab8/q0lBAbpxe0U.jpg,Fri Jul 26 15:48:36 2019
Футболка SI,1 250 руб.,https://sun9-29.userapi.com/c855016/v855016630/a56c6/Pn6sGPGXV3c.jpg,Fri Jul 26 15:47:38 2019
Футболка OFF-White ,1 250 руб.,https://sun9-1.userapi.com/c853628/v853628630/a0544/pH-3vaqV3DU.jpg,Fri Jul 26 15:44:45 2019
Футболка Rip N Dip,1 250 руб.,https://sun9-31.userapi.com/c850436/v850436630/176dfe/KsV7YV60-pQ.jpg,Fri Jul 26 15:44:13 2019
Футболка Rip N Dip,1 250 руб.,https://sun9-22.userapi.com/c852136/v852136630/17237d/w0onKSoiMdM.jpg,Fri Jul 26 15:43:13 2019
Футболка OFF-White ,1 250 руб.,https://sun9-52.userapi.com/c855016/v855016630/a5684/XH32V4WrD5o.jpg,Fri Jul 26 15:42:38 2019
Футболка SI,1 250 руб.,https://sun9-53.userapi.com/c858032/v858032630/271d3/xtqB6cYyzlk.jpg,Fri Jul 26 15:41:49 2019
Футболка Rip N Dip,1 250 руб.,https://sun9-40.userapi.com/c854124/v854124630/9fda6/qFo_43HUd3Y.jpg,Fri Jul 26 15:33:57 2019
Футболка Rip N Dip,1 250 руб.,https://sun9-1.userapi.com/c850428/v850428630/17ec8f/NbN4UO-RqE0.jpg,Fri Jul 26 15:27:51 2019
Футболка Rip N Dip,1 250 руб.,https://sun9-45.userapi.com/c858332/v858332630/293ae/UxUfNfIjwUg.jpg,Fri Jul 26 15:26:58 2019
Футболка Heron Preston ,1 300 руб.,https://sun9-50.userapi.com/c849336/v849336630/1ddd0f/mBSbAscppoc.jpg,Fri Jul 26 15:22:16 2019
Футболка Heron Preston ,1 300 руб.,https://sun9-30.userapi.com/c855024/v855024630/a3586/sk2E9JTUUHs.jpg,Fri Jul 26 15:18:41 2019
Футболка OFF-White ,1 250 руб.,https://sun9-5.userapi.com/c849524/v849524630/1aa9bc/wky-7MNW0uQ.jpg,Fri Jul 26 15:16:32 2019
Футболка Carhartt ,1 190 руб.,https://sun9-3.userapi.com/c855728/v855728630/a30ba/AzLgIV2NjRI.jpg,Fri Jul 26 15:15:25 2019
Футболка Carhartt ,1 190 руб.,https://sun9-24.userapi.com/c852220/v852220630/17d3e5/Qm2WbSM_t54.jpg,Fri Jul 26 15:13:45 2019
Футболка Carhartt ,1 190 руб.,https://sun9-44.userapi.com/c851436/v851436630/1754d8/2azxgNWFiWo.jpg,Fri Jul 26 15:13:10 2019
Футболка Carhartt ,1 190 руб.,https://sun9-27.userapi.com/c852220/v852220630/17d3bf/ApM4c-Jk9hM.jpg,Fri Jul 26 15:12:26 2019
Футболка Carhartt ,1 250 руб.,https://sun9-50.userapi.com/c856124/v856124630/a5938/Y5KGgVY1v4s.jpg,Fri Jul 26 15:09:56 2019
Футболка Carhartt ,1 250 руб.,https://sun9-3.userapi.com/c854320/v854320630/9f743/Gx4nWRkeVMM.jpg,Fri Jul 26 15:09:20 2019
Футболка Carhartt ,1 190 руб.,https://sun9-14.userapi.com/c857432/v857432630/27497/EfB2QJkywjk.jpg,Fri Jul 26 15:07:59 2019
Футболка Carhartt ,1 190 руб.,https://sun9-40.userapi.com/c854320/v854320630/9f713/gO5AdyCR3Vo.jpg,Fri Jul 26 15:07:21 2019
Футболка Bape ,1 250 руб.,https://sun9-52.userapi.com/c854016/v854016630/a33ae/wbgIE3hNnwM.jpg,Fri Jul 26 15:03:25 2019
Футболка Bape ,1 250 руб.,https://sun9-30.userapi.com/c857528/v857528630/269df/pZHdKRA1DwI.jpg,Fri Jul 26 15:02:51 2019
Кошелек SI,1 200 руб.,https://sun9-51.userapi.com/c856128/v856128929/9ea7a/iWJERgwjnZw.jpg,Thu Jul 25 12:06:01 2019
Сумка SI,1 300 руб.,https://sun9-23.userapi.com/c852232/v852232929/17b6d8/j4nmwxzBAeY.jpg,Thu Jul 25 12:05:19 2019
Сумка SI,1 300 руб.,https://sun9-39.userapi.com/c849120/v849120929/1db868/-Dh8lcl0NLs.jpg,Thu Jul 25 12:04:18 2019
Зажигалка Supreme,490 руб.,https://sun9-24.userapi.com/c853516/v853516007/9475d/mthZej0w50E.jpg,Sun Jul 14 12:32:21 2019
Зажигалка Supreme,490 руб.,https://sun9-37.userapi.com/c850736/v850736007/16b257/pfGSsNkL46o.jpg,Sun Jul 14 12:31:57 2019
Зажигалка Supreme,490 руб.,https://sun9-9.userapi.com/c851428/v851428007/16e830/72hLhJK7RxU.jpg,Sun Jul 14 12:31:26 2019
Зажигалка OFF-White,490 руб.,https://sun9-27.userapi.com/c854528/v854528007/9536e/uBoOYAc7NJA.jpg,Sun Jul 14 12:27:51 2019
Зажигалка OFF-White ,490 руб.,https://sun9-35.userapi.com/c857624/v857624007/1657b/8B-2xhu4m-U.jpg,Sun Jul 14 12:26:38 2019
Зажигалка Supreme,490 руб.,https://sun9-24.userapi.com/c852136/v852136007/169055/t-KtdpOEnQU.jpg,Sun Jul 14 12:25:40 2019
Зажигалка OFF-White,490 руб.,https://sun9-26.userapi.com/c858016/v858016007/17366/GlihIpC3n2o.jpg,Sun Jul 14 12:25:00 2019
Зажигалка Bape,490 руб.,https://sun9-52.userapi.com/c850216/v850216007/1942ce/FLUE7C1Y5Rg.jpg,Sun Jul 14 12:24:07 2019
Зажигалка Champion,490 руб.,https://sun9-51.userapi.com/c850228/v850228007/193c90/Nbx61Qwa_h8.jpg,Sun Jul 14 12:23:35 2019
Рюкзак Eastpak,1 990 руб.,https://sun9-9.userapi.com/c850328/v850328932/1928fc/hvJF_8G06Aw.jpg,Thu Jul 18 19:00:56 2019
Рюкзак Eastpak,1 990 руб.,https://sun9-51.userapi.com/c850136/v850136667/18f6fb/nwnu5nV0azA.jpg,Thu Jul 18 18:59:52 2019
Рюкзак Eastpak,1 990 руб.,https://sun9-17.userapi.com/c850020/v850020731/1d5556/8WookmdDXkA.jpg,Fri Jul 12 14:41:56 2019
Рюкзак Eastpak,1 990 руб.,https://sun9-30.userapi.com/c856124/v856124731/919eb/OIABJRGCRuQ.jpg,Fri Jul 12 14:41:15 2019
Рюкзак Eastpak,2 390 руб.,https://sun9-23.userapi.com/c849024/v849024731/1d819c/7xStZSTG4po.jpg,Fri Jul 12 14:40:48 2019
Рюкзак Eastpak,1 990 руб.,https://sun9-43.userapi.com/c851536/v851536731/16bfa2/S-RD11nCC0c.jpg,Fri Jul 12 14:40:14 2019
Авиа сумка Eastpak,1 590 руб.,https://sun9-28.userapi.com/c852036/v852036731/16ab7e/Rr898hex2tI.jpg,Fri Jul 12 14:39:01 2019
Авиа сумка Eastpak,1 590 руб.,https://sun9-13.userapi.com/c850528/v850528731/165645/Ef8k0zQ4v5Q.jpg,Fri Jul 12 14:37:13 2019
Авиа сумка Eastpak,1 590 руб.,https://sun9-48.userapi.com/c855736/v855736731/8e8a8/TBoenzL_aZ0.jpg,Fri Jul 12 14:36:05 2019
Авиа сумка Eastpak,1 590 руб.,https://sun9-39.userapi.com/c855224/v855224731/91b02/D47oMpiC8oc.jpg,Fri Jul 12 14:31:20 2019
Авиа сумка Eastpak,1 590 руб.,https://sun9-50.userapi.com/c854328/v854328731/906ed/JWLySbPL-hs.jpg,Fri Jul 12 14:29:49 2019
Хипак Eastpak,1 490 руб.,https://sun9-53.userapi.com/c850132/v850132524/192a8e/xYEpI1SuvNU.jpg,Sat Jul 13 18:32:44 2019
Хипак Eastpak,1 490 руб.,https://sun9-22.userapi.com/c851432/v851432731/16198c/GG3Bb1yw24c.jpg,Fri Jul 12 14:39:27 2019
Хипак Eastpak,1 390 руб.,https://sun9-38.userapi.com/c849020/v849020731/1ddc67/oVibpzC6GVs.jpg,Fri Jul 12 14:21:58 2019
Хипак Eastpak,1 390 руб.,https://sun9-13.userapi.com/c854420/v854420731/8d89f/ZvIvtDtcP1Y.jpg,Fri Jul 12 14:21:14 2019
Хипак Eastpak,1 390 руб.,https://sun9-48.userapi.com/c856028/v856028731/90382/4sTbzvg7BIQ.jpg,Fri Jul 12 14:20:30 2019
Хипак Eastpak,1 390 руб.,https://sun9-54.userapi.com/c854024/v854024731/956f5/lIMrvnESZaw.jpg,Fri Jul 12 14:19:38 2019
Олимпийка Ellesse,3 190 руб.,https://sun9-47.userapi.com/c855032/v855032459/83a5a/9akwuziBnls.jpg,Sun Jul  7 14:17:24 2019
Олимпийка Kappa,2 490 руб.,https://sun9-55.userapi.com/c850524/v850524459/15e98d/zoaRzQkrngo.jpg,Sun Jul  7 14:15:20 2019
Худи CP,3 490 руб.,https://sun9-54.userapi.com/c858336/v858336459/e3b6/N1ut-PeZ-VM.jpg,Sun Jul  7 14:13:14 2019
Худи RipnDip,2 490 руб.,https://sun9-1.userapi.com/c849432/v849432459/1d4741/GEBY3ANfB1M.jpg,Sun Jul  7 14:12:21 2019
Худи Champion ,2 490 руб.,https://sun9-48.userapi.com/c853524/v853524459/8b468/Qqcy05ieg6w.jpg,Sun Jul  7 14:11:36 2019
Худи Champion ,2 490 руб.,https://sun9-28.userapi.com/c855536/v855536459/89524/rKpj9GDIFqE.jpg,Sun Jul  7 14:11:00 2019
Худи Champion ,2 490 руб.,https://sun9-46.userapi.com/c855124/v855124459/896ae/-54i24Xd8oo.jpg,Sun Jul  7 14:10:32 2019
Худи Champion ,2 490 руб.,https://sun9-53.userapi.com/c855536/v855536459/894f4/9kj_bQ348Kg.jpg,Sun Jul  7 14:10:05 2019
Худи Champion ,2 490 руб.,https://sun9-29.userapi.com/c858424/v858424459/e20e/fMw3YQ9P3ko.jpg,Sun Jul  7 14:09:03 2019
Худи Champion ,2 490 руб.,https://sun9-27.userapi.com/c855620/v855620459/8813d/yH5KK8eXnYY.jpg,Sun Jul  7 14:08:36 2019
Худи OFF-White ,2 790 руб.,https://sun9-29.userapi.com/c851528/v851528459/15f6b4/0Fa4O1Xswog.jpg,Sun Jul  7 14:08:03 2019
Худи FOG,2 490 руб.,https://sun9-37.userapi.com/c855036/v855036459/8aa36/O_9l3Jrp_2k.jpg,Sun Jul  7 14:07:00 2019
Худи Vans,2 490 руб.,https://sun9-17.userapi.com/c857432/v857432459/dea2/KcMkD5LQuVg.jpg,Sun Jul  7 14:06:26 2019
Худи Balenciaga ,2 490 руб.,https://sun9-28.userapi.com/c852028/v852028459/164d45/hYynXjeh8Oc.jpg,Sun Jul  7 14:05:56 2019
Худи Balenciaga,2 490 руб.,https://sun9-46.userapi.com/c857532/v857532459/e0bb/7JXnV_tXu1M.jpg,Sun Jul  7 14:05:20 2019
Худи OFF-White ,2 490 руб.,https://sun9-28.userapi.com/c849036/v849036459/1d0183/PUn_tjvVc-0.jpg,Sun Jul  7 14:04:45 2019
Водолазка Heron Preston ,2 190 руб.,https://sun9-17.userapi.com/c851416/v851416459/161a71/exS-ERHjGTM.jpg,Sun Jul  7 14:01:18 2019
Свитшот OFF-white,1 990 руб.,https://sun9-26.userapi.com/c858428/v858428459/d519/OOidC_ZUi3M.jpg,Sun Jul  7 14:00:30 2019
Свитшот Champion ,1 990 руб.,https://sun9-19.userapi.com/c858136/v858136842/da87/G4yOlPj8zrI.jpg,Sun Jul  7 14:00:00 2019
Свитшот Champion ,1 990 руб.,https://sun9-18.userapi.com/c853516/v853516842/88a8c/kzNzjB1PTCM.jpg,Sun Jul  7 13:59:33 2019
Свитшот Champion ,1 990 руб.,https://sun9-28.userapi.com/c857732/v857732842/e43d/N9KYhtTF0VA.jpg,Sun Jul  7 13:59:04 2019
Свитшот Champion ,1 990 руб.,https://sun9-41.userapi.com/c850732/v850732842/1602e6/AqhL8Cz-cLk.jpg,Sun Jul  7 13:58:24 2019
Свитшот Champion ,1 990 руб.,https://sun9-26.userapi.com/c856024/v856024842/8a617/wt2XuVJIdfQ.jpg,Sun Jul  7 13:55:52 2019
Свитшот Champion,1 990 руб.,https://sun9-20.userapi.com/c857616/v857616842/d95b/ACfqXh48Pfs.jpg,Sun Jul  7 13:54:46 2019
Свитшот Champion,1 990 руб.,https://sun9-49.userapi.com/c851532/v851532842/1584cb/r3flDXNcfPY.jpg,Sun Jul  7 13:54:15 2019
Свитшот Champion,1 990 руб.,https://sun9-4.userapi.com/c858124/v858124842/de0e/uvQcQSsv17I.jpg,Sun Jul  7 13:53:40 2019
Свитшот Champion ,1 990 руб.,https://sun9-29.userapi.com/c858436/v858436842/d8ba/tfCSSFsqFQE.jpg,Sun Jul  7 13:53:07 2019
Футболка Off-White,1 300 руб.,https://sun9-9.userapi.com/c857432/v857432842/daa9/-7eos--Au2c.jpg,Sun Jul  7 13:50:10 2019
Футболка Stussy,1 200 руб.,https://sun9-43.userapi.com/c854324/v854324842/8b6bd/JUFL9WsOd4c.jpg,Sun Jul  7 13:48:57 2019
Футболка Stussy,1 200 руб.,https://sun9-8.userapi.com/c851016/v851016842/165557/2mWd-ecQP4Y.jpg,Sun Jul  7 13:48:24 2019
Футболка Ellessе,1 590 руб.,https://sun9-49.userapi.com/c850232/v850232842/18c3fe/GmyjY5W8CaI.jpg,Sun Jul  7 13:47:09 2019
Футболка Ellesse,1 590 руб.,https://sun9-4.userapi.com/c858136/v858136842/da2d/GD7qrCb9e_A.jpg,Sun Jul  7 13:46:29 2019
Футболка Off-White,1 200 руб.,https://sun9-49.userapi.com/c856136/v856136842/877be/0Zmb7aV0dTQ.jpg,Sun Jul  7 13:45:19 2019
Футболка FP,1 690 руб.,https://sun9-18.userapi.com/c851520/v851520842/1652ac/yROO5BSr6g8.jpg,Sun Jul  7 13:44:40 2019
Футболка OFF-White ,1 300 руб.,https://sun9-53.userapi.com/c858228/v858228842/e2e0/MauXrhGAo3g.jpg,Sun Jul  7 13:41:26 2019
Футболка CP,1 250 руб.,https://sun9-42.userapi.com/c851224/v851224842/15d10e/jkhPygHaiLQ.jpg,Sun Jul  7 13:40:04 2019
Джоггеры Champion ,2 490 руб.,https://sun9-41.userapi.com/c855024/v855024842/8a723/9AIq7Og2Hlc.jpg,Sun Jul  7 13:35:18 2019
Джоггеры Ellesse,2 790 руб.,https://sun9-56.userapi.com/c855132/v855132842/8d823/vTvquFD4R8s.jpg,Sun Jul  7 13:30:56 2019
Джоггеры Ellesse,2 490 руб.,https://sun9-47.userapi.com/c848536/v848536842/1d2426/mskzucWJVH4.jpg,Sun Jul  7 13:30:19 2019
Шорты Ellesse,2 100 руб.,https://sun9-34.userapi.com/c855228/v855228842/884bd/Jz9zU6xaqG4.jpg,Sun Jul  7 13:28:49 2019
Шорты Ellesse,2 100 руб.,https://sun9-44.userapi.com/c855332/v855332842/8acd3/rsFwy6188hY.jpg,Sun Jul  7 13:27:16 2019
Шорты OFF-White ,1 790 руб.,https://sun9-37.userapi.com/c850528/v850528842/1633c3/TebVaBuSrnY.jpg,Sun Jul  7 13:25:48 2019
Шорты OFF-White ,1 430 руб.,https://sun9-3.userapi.com/c851136/v851136842/15c71b/KL18Qpkvc04.jpg,Sun Jul  7 13:23:45 2019
Шорты Sureme ,1 250 руб.,https://sun9-14.userapi.com/c855416/v855416842/89d98/GC8NufWaRXI.jpg,Sun Jul  7 13:22:34 2019
Кошелек Herschel,990 руб.,https://sun9-4.userapi.com/c855336/v855336584/8647f/2j3yMR3nOOA.jpg,Fri Jul  5 11:24:29 2019
Кошелек Herschel,990 руб.,https://sun9-29.userapi.com/c851124/v851124584/15b6d3/_454CZ35jVo.jpg,Fri Jul  5 11:23:41 2019
Пенал FJALLRAVEN,490 руб.,https://sun9-39.userapi.com/c848520/v848520584/1cbd56/WjJjzQzH3zM.jpg,Fri Jul  5 11:20:51 2019
Пенал FJALLRAVEN,490 руб.,https://sun9-3.userapi.com/c858132/v858132584/b3cd/INQpk4SLDC0.jpg,Fri Jul  5 11:18:20 2019
Сумка Supreme,990 руб.,https://sun9-38.userapi.com/c855616/v855616584/87b78/wTveJ_Oq9i4.jpg,Fri Jul  5 11:16:38 2019
Сумка Supreme,990 руб.,https://sun9-50.userapi.com/c849136/v849136584/1d258e/OilqJgX57wk.jpg,Fri Jul  5 11:15:47 2019
Авиа сумка Champion,990 руб.,https://sun9-56.userapi.com/c855332/v855332584/89616/vO5mi1NTOm8.jpg,Fri Jul  5 11:14:19 2019
Авиа сумка Supreme,990 руб.,https://sun9-48.userapi.com/c854320/v854320584/83f37/pZP7SHLCUX0.jpg,Fri Jul  5 11:13:38 2019
Авиа сумка Supreme,990 руб.,https://sun9-38.userapi.com/c855620/v855620584/875ba/XmYeORbQypw.jpg,Fri Jul  5 11:13:11 2019
Авиа сумка Supreme,990 руб.,https://sun9-35.userapi.com/c850724/v850724584/16df1a/9hjkODzZDkI.jpg,Fri Jul  5 11:12:45 2019
Авиа сумка Supreme,990 руб.,https://sun9-20.userapi.com/c850628/v850628584/162d4a/xoOPRoSGLWU.jpg,Fri Jul  5 11:11:40 2019
Авиа сумка Supreme x TNF,990 руб.,https://sun9-9.userapi.com/c849336/v849336584/1c3fc6/6Xw0pPErdZM.jpg,Fri Jul  5 11:11:08 2019
Авиа сумка Supreme x TNF,990 руб.,https://sun9-5.userapi.com/c855724/v855724584/88284/M1CcvNnI3vA.jpg,Fri Jul  5 11:09:57 2019
Авиа сумка Supreme x TNF,990 руб.,https://sun9-41.userapi.com/c851536/v851536584/164651/TQAa55beh3w.jpg,Fri Jul  5 11:08:52 2019
Авиа сумка Supreme  x TNF,990 руб.,https://sun9-52.userapi.com/c855016/v855016584/8969f/R7_w34X2rw8.jpg,Fri Jul  5 11:08:06 2019
Футболка SI,1 250 руб.,https://sun9-1.userapi.com/c848624/v848624217/1b3dfc/83u-S1bhm2M.jpg,Fri Jun  7 19:51:51 2019
Футболка SI,1 250 руб.,https://sun9-4.userapi.com/c850528/v850528217/13986e/rH9-xpTQ1gU.jpg,Fri Jun  7 19:51:20 2019
Футболка SI,1 250 руб.,https://sun9-47.userapi.com/c851124/v851124813/13dad9/eFGABpcEjAQ.jpg,Fri Jun  7 19:50:38 2019
Футболка Play,1 250 руб.,https://sun9-22.userapi.com/c850432/v850432813/149948/SiLpWgRs9SY.jpg,Fri Jun  7 19:50:13 2019
Футболка Play,875 руб.,https://sun9-10.userapi.com/c852228/v852228813/13ad8d/67U4seDJIiE.jpg,Fri Jun  7 19:49:36 2019
Футболка Patagonia,1 250 руб.,https://sun9-30.userapi.com/c850732/v850732423/14243a/-_y291w_CBQ.jpg,Fri Jun  7 19:48:41 2019
Футболка OFF-White ,1 190 руб.,https://sun9-41.userapi.com/c856024/v856024423/66709/rV1NsHhUy2M.jpg,Fri Jun  7 19:46:42 2019
Футболка Rip N Dip,830 руб.,https://sun9-11.userapi.com/c849432/v849432423/1a9c12/XK33pWtn8M8.jpg,Fri Jun  7 19:45:56 2019
Футболка SI,870 руб.,https://sun9-29.userapi.com/c854020/v854020813/63ed4/XRIaoibbshk.jpg,Fri Jun  7 19:45:24 2019
Футболка Patagonia,1 250 руб.,https://sun9-22.userapi.com/c851236/v851236423/140008/ab3ytlar3Fc.jpg,Fri Jun  7 19:44:18 2019
Шорты Kappa,1 790 руб.,https://sun9-19.userapi.com/c851132/v851132813/13bb5e/xMO_7Hn2T14.jpg,Fri Jun  7 19:42:54 2019
Шорты OFF-White,1 030 руб.,https://sun9-21.userapi.com/c855436/v855436813/60972/2i6OGahzwNg.jpg,Fri Jun  7 19:42:05 2019
Шорты Bape,1 790 руб.,https://sun9-45.userapi.com/c849028/v849028813/1aab99/XRf0Ba485mI.jpg,Fri Jun  7 19:31:49 2019
Шорты TNF x Vans,1 250 руб.,https://sun9-36.userapi.com/c850220/v850220813/15e667/xdaWkIwhqzg.jpg,Fri Jun  7 19:29:40 2019
Шорты Off-White,1 790 руб.,https://sun9-23.userapi.com/c850736/v850736813/137560/C7MxatH7FSo.jpg,Fri Jun  7 19:25:52 2019
Шорты Heron Preston,1 790 руб.,https://sun9-24.userapi.com/c851128/v851128813/13cf58/B5nnjGQwWYE.jpg,Fri Jun  7 19:22:38 2019
Шорты Off-White ,1 510 руб.,https://sun9-38.userapi.com/c850616/v850616813/13fdd2/8MMKyspb6DM.jpg,Fri Jun  7 19:21:46 2019
Шорты SI,1 990 руб.,https://sun9-41.userapi.com/c851224/v851224813/13973c/BWfnHbYb7BE.jpg,Fri Jun  7 19:20:56 2019
Шорты SI,1 990 руб.,https://sun9-46.userapi.com/c849120/v849120813/19f3f0/kZaNgOYaxes.jpg,Fri Jun  7 19:20:21 2019
Худи SI,2 990 руб.,https://sun9-28.userapi.com/c851032/v851032813/13a17f/YAUI7MYLmo0.jpg,Fri Jun  7 19:19:04 2019
Джоггеры Champion,2 490 руб.,https://sun9-22.userapi.com/c854424/v854424813/65a16/gGqFhnleCUs.jpg,Fri Jun  7 19:04:55 2019
Джоггеры Off-White,2 490 руб.,https://sun9-7.userapi.com/c855436/v855436813/60874/qK98iJZdaBU.jpg,Fri Jun  7 19:02:57 2019
Джоггеры SI,2 490 руб.,https://sun9-26.userapi.com/c855436/v855436813/60848/WYgFb_gmo3o.jpg,Fri Jun  7 19:01:57 2019
Джоггеры SI,2 490 руб.,https://sun9-44.userapi.com/c854124/v854124100/6091e/gFSRyqsSn4k.jpg,Fri Jun  7 19:00:38 2019
Худи OFF-White ,2 490 руб.,https://sun9-13.userapi.com/c849124/v849124100/1b38bb/vdpApOlHzM8.jpg,Fri Jun  7 18:59:12 2019
Худи Bape,2 990 руб.,https://sun9-42.userapi.com/c856036/v856036100/5fb72/Ghb07GZo2Zo.jpg,Fri Jun  7 18:58:31 2019
Худи Bape,2 990 руб.,https://sun9-32.userapi.com/c852132/v852132100/13abd3/B4fb2A2yFdQ.jpg,Fri Jun  7 18:57:33 2019
Худи Bape,2 990 руб.,https://sun9-56.userapi.com/c855532/v855532100/5fd92/wM_OxGNq0qE.jpg,Fri Jun  7 18:56:34 2019
Худи Bape,2 990 руб.,https://sun9-34.userapi.com/c850424/v850424100/131af9/0hY-S8HUCYA.jpg,Fri Jun  7 18:55:55 2019
Олимпийка FP,2 490 руб.,https://sun9-24.userapi.com/c856020/v856020100/5eb56/K00q0gJG7us.jpg,Fri Jun  7 18:54:33 2019
Худи Ellesse,2 790 руб.,https://sun9-52.userapi.com/c852028/v852028100/143382/TtPBcuQ5ak4.jpg,Fri Jun  7 18:39:51 2019
Худи Ellesse,2 790 руб.,https://sun9-46.userapi.com/c849332/v849332100/1ab364/ccgG5-8v6D0.jpg,Fri Jun  7 18:38:41 2019
 Свитшот Ellesse,2 490 руб.,https://sun9-7.userapi.com/c855620/v855620100/61a25/urHc-GQuaBQ.jpg,Fri Jun  7 18:36:50 2019
Джинсовка OFF-White ,3 190 руб.,https://sun9-46.userapi.com/c849420/v849420100/1a7a26/ehPUxpDIdN8.jpg,Fri Jun  7 18:29:03 2019
Джинсовка OFF-White ,3 190 руб.,https://sun9-3.userapi.com/c850332/v850332100/161d20/c03Pgns68iI.jpg,Fri Jun  7 18:27:24 2019
Джинсовка OFF-White ,3 190 руб.,https://sun9-25.userapi.com/c850336/v850336100/1623aa/k0YhVaYDlD0.jpg,Fri Jun  7 18:25:39 2019
Джинсовка OFF-White ,3 190 руб.,https://sun9-28.userapi.com/c849136/v849136100/1b14f0/-lV_EUA6SkA.jpg,Fri Jun  7 18:24:43 2019
Джинсовка TH,3 190 руб.,https://sun9-19.userapi.com/c854416/v854416100/61f60/wMETJIUyUeg.jpg,Fri Jun  7 18:23:31 2019
Носки,250 руб.,https://sun9-10.userapi.com/c856132/v856132437/56705/o_apwVjirno.jpg,Fri Jun  7 17:04:05 2019
Носки,250 руб.,https://sun9-50.userapi.com/c849024/v849024437/1b3051/OiKQ-Ksstc8.jpg,Fri Jun  7 17:02:43 2019
Носки,250 руб.,https://sun9-8.userapi.com/c848416/v848416437/1a8e08/YONHpp9Cqqg.jpg,Fri Jun  7 17:00:40 2019
Носки,250 руб.,https://sun9-11.userapi.com/c852032/v852032469/12c9fc/y5MeoB_Zj48.jpg,Fri Jun  7 16:59:25 2019
Носки,250 руб.,https://sun9-46.userapi.com/c849020/v849020469/1ac37c/mXmubdP2gKE.jpg,Fri Jun  7 16:58:13 2019
Носки,250 руб.,https://sun9-26.userapi.com/c854324/v854324469/60188/8xvTE6qZfaw.jpg,Fri Jun  7 16:55:16 2019
Носки,250 руб.,https://sun9-31.userapi.com/c851428/v851428469/137488/5j9vIehyIOU.jpg,Fri Jun  7 16:53:10 2019
Носки,250 руб.,https://sun9-53.userapi.com/c853520/v853520469/5bfbb/MFQXyDEUnlI.jpg,Fri Jun  7 16:49:39 2019
Носки,250 руб.,https://sun9-26.userapi.com/c855136/v855136469/5ec8f/M9Rkhl_PQTM.jpg,Fri Jun  7 16:46:50 2019
Носки,250 руб.,https://sun9-33.userapi.com/c854524/v854524469/60b55/CUzmaux56K0.jpg,Fri Jun  7 16:44:46 2019
Носки,250 руб.,https://sun9-40.userapi.com/c854428/v854428469/5fbe1/AaiId3zBZn0.jpg,Fri Jun  7 16:43:01 2019
Носки,250 руб.,https://sun9-56.userapi.com/c851420/v851420469/1384c4/qZkf9oCgnOg.jpg,Fri Jun  7 16:45:51 2019
Носки,250 руб.,https://sun9-52.userapi.com/c850620/v850620437/139c22/lE3NTwoyCww.jpg,Fri Jun  7 17:04:29 2019
Носки,250 руб.,https://sun9-26.userapi.com/c854528/v854528469/5fcc4/ucTczkDZUyY.jpg,Fri Jun  7 16:52:45 2019
Носки,250 руб.,https://sun9-16.userapi.com/c851536/v851536469/13f2b9/rbVGj8vWFWA.jpg,Fri Jun  7 16:42:29 2019
Носки,250 руб.,https://sun9-4.userapi.com/c850336/v850336469/16657b/wTD2bjdSzSc.jpg,Fri Jun  7 16:59:49 2019
Носки,250 руб.,https://sun9-5.userapi.com/c848528/v848528469/1ac73b/ot1NtqiTfdI.jpg,Fri Jun  7 16:51:20 2019
Носки,250 руб.,https://sun9-34.userapi.com/c855432/v855432437/60d68/T5DU-NSCgBU.jpg,Fri Jun  7 17:03:29 2019
Носки,250 руб.,https://sun9-4.userapi.com/c848528/v848528469/1ac765/vt78mre9NHI.jpg,Fri Jun  7 16:51:51 2019
Носки,250 руб.,https://sun9-43.userapi.com/c849220/v849220469/1ab0a3/rMIR7Sg94x8.jpg,Fri Jun  7 16:49:58 2019
Носки,250 руб.,https://sun9-35.userapi.com/c849332/v849332469/1ac717/SeJgvfWsr2k.jpg,Fri Jun  7 16:54:56 2019
Носки,250 руб.,https://sun9-49.userapi.com/c853624/v853624469/5f9b9/DfqAVu-_Nq4.jpg,Fri Jun  7 16:49:23 2019
Носки,250 руб.,https://sun9-40.userapi.com/c854016/v854016469/61f95/vsQVehCY4EY.jpg,Fri Jun  7 16:45:31 2019
Носки,250 руб.,https://sun9-14.userapi.com/c850220/v850220469/163390/Lw5MTYQ-HOc.jpg,Fri Jun  7 16:46:30 2019
Носки,250 руб.,https://sun9-16.userapi.com/c855136/v855136469/5ecaa/_VE8GfdkYBk.jpg,Fri Jun  7 16:49:04 2019
Носки,250 руб.,https://sun9-4.userapi.com/c849324/v849324469/1b0796/dzN-VG98OVM.jpg,Fri Jun  7 16:44:24 2019
Носки,250 руб.,https://sun9-46.userapi.com/c855332/v855332469/608d6/WUKrRcfCFds.jpg,Fri Jun  7 16:43:47 2019
Носки,250 руб.,https://sun9-2.userapi.com/c855232/v855232469/602e4/TqK6OH9JDfQ.jpg,Fri Jun  7 16:41:44 2019
Рюкзак KANKEN classic,2 190 руб.,https://sun9-42.userapi.com/c851524/v851524469/13a733/FG2r2mZe38c.jpg,Fri Jun  7 16:19:23 2019
Рюкзак KANKEN classic,2 190 руб.,https://sun9-45.userapi.com/c854028/v854028469/628dc/cjpXWO8YH18.jpg,Fri Jun  7 16:18:59 2019
Рюкзак KANKEN classic,2 190 руб.,https://sun9-40.userapi.com/c852124/v852124469/139e0b/LFGmBFXz79E.jpg,Fri Jun  7 16:18:35 2019
Значок (пин),150 руб.,https://sun9-41.userapi.com/c851228/v851228320/13d5c1/XSzCh7G8SwI.jpg,Wed Jun  5 17:21:43 2019
Значок (пин),150 руб.,https://sun9-39.userapi.com/c848620/v848620320/1a93b3/ozFDH_OEeus.jpg,Wed Jun  5 17:20:42 2019
Значок (пин),150 руб.,https://sun9-52.userapi.com/c849432/v849432320/1af45a/iXIVpjL_kj0.jpg,Wed Jun  5 17:19:26 2019
Значок (пин),150 руб.,https://sun9-7.userapi.com/c855636/v855636320/5bd38/IzGuHoRlLV4.jpg,Wed Jun  5 17:19:05 2019
Значок (пин),150 руб.,https://sun9-31.userapi.com/c849220/v849220320/1b2017/LZrgstp-QGQ.jpg,Wed Jun  5 17:18:30 2019
Значок (пин),150 руб.,https://sun9-40.userapi.com/c850228/v850228320/1628c0/RzVsc0Qdwbg.jpg,Wed Jun  5 17:18:02 2019
Значок (пин),150 руб.,https://sun9-38.userapi.com/c851520/v851520320/13bf99/ikGbXX_yXTA.jpg,Wed Jun  5 17:17:46 2019
Значок (пин),150 руб.,https://sun9-32.userapi.com/c851328/v851328320/136621/01IytJRsjN0.jpg,Wed Jun  5 17:16:41 2019
Значок (пин),150 руб.,https://sun9-53.userapi.com/c852032/v852032320/1283d1/dCLzxPPi6lQ.jpg,Wed Jun  5 17:16:14 2019
Значок (пин),150 руб.,https://sun9-26.userapi.com/c855620/v855620320/5d4a3/9k0PEgI0phg.jpg,Wed Jun  5 17:13:21 2019
Значок (пин),150 руб.,https://sun9-12.userapi.com/c849536/v849536320/1a5752/qu_VdLnLN_8.jpg,Wed Jun  5 17:12:57 2019
Значок (пин),150 руб.,https://sun9-34.userapi.com/c855424/v855424320/5ad7d/9LeF8Kc5O18.jpg,Wed Jun  5 17:11:22 2019
Значок (пин) ,150 руб.,https://sun9-33.userapi.com/c856032/v856032320/5d269/ZMCWx78ZcOo.jpg,Wed Jun  5 17:20:22 2019
Значок (пин),150 руб.,https://sun9-47.userapi.com/c855536/v855536320/5e3a9/Bb_NLOD100o.jpg,Wed Jun  5 17:12:01 2019
Значок (пин),150 руб.,https://sun9-23.userapi.com/c854124/v854124320/5d18e/jKy-XO7wmTs.jpg,Wed Jun  5 17:11:41 2019
Значок (пин),150 руб.,https://sun9-21.userapi.com/c848736/v848736320/1aea51/womi49gTJp4.jpg,Wed Jun  5 17:12:34 2019
Значок (пин),150 руб.,https://sun9-53.userapi.com/c848620/v848620320/1a9389/FY-DieG23Oo.jpg,Wed Jun  5 17:17:04 2019
Очки ,490 руб.,https://sun9-29.userapi.com/c854524/v854524320/5f7dd/J3Ecf23g43o.jpg,Wed Jun  5 17:08:12 2019
Очки,490 руб.,https://sun9-49.userapi.com/c855132/v855132320/5cb0b/CV4KfmQEgi0.jpg,Wed Jun  5 17:07:54 2019
Очки ,490 руб.,https://sun9-27.userapi.com/c855628/v855628320/5d568/-Ce2Gki9zhU.jpg,Wed Jun  5 17:07:36 2019
Очки ,490 руб.,https://sun9-11.userapi.com/c851424/v851424320/137c81/e5C5zOlY7X4.jpg,Wed Jun  5 17:07:21 2019
Очки,490 руб.,https://sun9-4.userapi.com/c855124/v855124320/5dd83/MAAonE4kM6M.jpg,Wed Jun  5 17:07:07 2019
Очки ,490 руб.,https://sun9-50.userapi.com/c853624/v853624320/5d332/rMB4lhK2JSg.jpg,Wed Jun  5 17:06:52 2019
Очки ,490 руб.,https://sun9-12.userapi.com/c850636/v850636320/134d44/1mCfUXBzmYc.jpg,Wed Jun  5 17:06:35 2019
Очки ,490 руб.,https://sun9-49.userapi.com/c850436/v850436320/13807f/GdiOvqy58wI.jpg,Wed Jun  5 17:06:06 2019
Очки ,490 руб.,https://sun9-14.userapi.com/c848736/v848736320/1aea11/24uxLjazoHM.jpg,Wed Jun  5 17:05:45 2019
Очки ,490 руб.,https://sun9-11.userapi.com/c850720/v850720320/13a2ba/xIjMpQhJx1U.jpg,Wed Jun  5 17:04:18 2019
Очки ,490 руб.,https://sun9-42.userapi.com/c852120/v852120320/148c07/uS4u9EdYMmY.jpg,Wed Jun  5 17:01:57 2019
Очки,490 руб.,https://sun9-21.userapi.com/c855532/v855532545/5f129/-wHAWOfbVn0.jpg,Wed Jun  5 16:56:44 2019
Очки ,490 руб.,https://sun9-13.userapi.com/c850136/v850136545/15e9a4/VjgOfGJP5KU.jpg,Wed Jun  5 16:56:26 2019
Очки ,490 руб.,https://sun9-34.userapi.com/c855336/v855336545/5ee70/qDhrIKVU7sQ.jpg,Wed Jun  5 16:54:58 2019
Очки ,490 руб.,https://sun9-53.userapi.com/c850020/v850020545/1a3ff1/6bhX5LqHP1M.jpg,Wed Jun  5 16:54:45 2019
Очки ,490 руб.,https://sun9-24.userapi.com/c850336/v850336545/15ad81/nQOMRrEEamI.jpg,Wed Jun  5 16:54:24 2019
Очки ,490 руб.,https://sun9-38.userapi.com/c850728/v850728545/139c58/jz5BsAL9Vks.jpg,Wed Jun  5 16:54:02 2019
Очки ,490 руб.,https://sun9-8.userapi.com/c849128/v849128545/1ab5c3/2H1bfDh_bb0.jpg,Wed Jun  5 16:53:36 2019
Очки ,490 руб.,https://sun9-9.userapi.com/c854428/v854428545/5f10b/9vzB60-Dmek.jpg,Wed Jun  5 16:51:51 2019
Очки,490 руб.,https://sun9-1.userapi.com/c855320/v855320545/5c62e/9Yn5eFf0RSo.jpg,Wed Jun  5 16:51:20 2019
Очки ,490 руб.,https://sun9-33.userapi.com/c848536/v848536545/1ab97a/Is1YAWIcAj8.jpg,Wed Jun  5 16:51:08 2019
Очки ,490 руб.,https://sun9-54.userapi.com/c850720/v850720545/138e2a/Muue0VAeMKA.jpg,Wed Jun  5 16:50:46 2019
Очки ,490 руб.,https://sun9-24.userapi.com/c854120/v854120545/5e30d/pidhoglwwYU.jpg,Wed Jun  5 16:49:32 2019
Очки ,490 руб.,https://sun9-40.userapi.com/c850720/v850720545/138e0f/pwFoPYfg9QU.jpg,Wed Jun  5 16:48:30 2019
Очки ,490 руб.,https://sun9-32.userapi.com/c850228/v850228545/15e687/E8yfwGIv7kE.jpg,Wed Jun  5 16:48:12 2019
Очки ,490 руб.,https://sun9-50.userapi.com/c850128/v850128545/14ff1a/EusqdSq8h3w.jpg,Wed Jun  5 16:47:49 2019
Очки ,490 руб.,https://sun9-38.userapi.com/c855332/v855332545/60252/4zT-j3iJO7Y.jpg,Wed Jun  5 16:45:50 2019
Рюкзак Eastpak ,1 990 руб.,https://sun9-19.userapi.com/c854416/v854416545/5e3d2/NQanIjkpgmo.jpg,Wed Jun  5 16:22:10 2019
Пенал Eastpak,590 руб.,https://sun9-16.userapi.com/c852024/v852024545/139b59/O8e0lqOUdmI.jpg,Wed Jun  5 16:21:33 2019
Сумка Eastpak ,1 390 руб.,https://sun9-40.userapi.com/c850336/v850336545/15ac91/TJdKzyd-AXA.jpg,Wed Jun  5 16:21:05 2019
Сумка Carhartt ,990 руб.,https://sun9-17.userapi.com/c851232/v851232545/137b68/EOGJUz_adQo.jpg,Wed Jun  5 16:18:03 2019
Кошелек Herschel,990 руб.,https://sun9-7.userapi.com/c852236/v852236545/1343d4/j846dniEEBE.jpg,Wed Jun  5 16:12:06 2019
Кошелек Carhartt ,990 руб.,https://sun9-24.userapi.com/c850416/v850416545/5ced1/pD4YZc7FFI8.jpg,Wed Jun  5 16:11:12 2019
Кошелек Carhartt ,990 руб.,https://sun9-27.userapi.com/c853424/v853424545/61390/PZazI8cH0UE.jpg,Wed Jun  5 16:10:19 2019
Кошелек Fila,990 руб.,https://sun9-47.userapi.com/c850232/v850232545/16074f/YU8CdO9l0gw.jpg,Wed Jun  5 16:09:59 2019
Кошелек Fila ,990 руб.,https://sun9-22.userapi.com/c855136/v855136545/5db08/zlL4iIzEwG4.jpg,Wed Jun  5 16:09:05 2019
Кепка TNF,990 руб.,https://sun9-44.userapi.com/c855328/v855328856/5a3ea/gqZIC0hPqTk.jpg,Fri May 31 15:53:37 2019
Кепка Levis,990 руб.,https://sun9-9.userapi.com/c850232/v850232856/15609a/7qYK-64UYQQ.jpg,Fri May 31 15:53:19 2019
Кепка Levis ,990 руб.,https://sun9-50.userapi.com/c849324/v849324856/1a1f11/MjRasjnO46U.jpg,Fri May 31 15:53:05 2019
Кепка Levis,990 руб.,https://sun9-11.userapi.com/c852124/v852124856/134bd6/TZ4oWf8Lb1Y.jpg,Fri May 31 15:52:37 2019
Кепка carhartt,990 руб.,https://sun9-15.userapi.com/c852228/v852228856/13028f/sws-kGgiH0s.jpg,Fri May 31 15:47:30 2019
Кепка carhartt,990 руб.,https://sun9-10.userapi.com/c849136/v849136856/19fa95/I0qIcLe0qdQ.jpg,Fri May 31 15:47:05 2019
Кепка Champion,990 руб.,https://sun9-13.userapi.com/c856016/v856016856/566c2/8USEBarcxIE.jpg,Fri May 31 15:46:12 2019
Кепка Yeezy,990 руб.,https://sun9-22.userapi.com/c852228/v852228856/130274/0f_ndPGjmic.jpg,Fri May 31 15:45:31 2019
Ремень SI,490 руб.,https://sun9-53.userapi.com/c855536/v855536856/581cd/DCE6o35weBk.jpg,Fri May 31 15:06:32 2019
Ремень Champion,490 руб.,https://sun9-22.userapi.com/c855124/v855124610/55c86/dG04pm_qfAM.jpg,Fri May 31 14:51:57 2019
Ремень OFF-White,490 руб.,https://sun9-23.userapi.com/c855016/v855016610/5431d/etvJ5AaFAw0.jpg,Fri May 31 14:51:26 2019
Ремень OFF-White,490 руб.,https://sun9-1.userapi.com/c849520/v849520610/1a3578/YkWuzxFS4VE.jpg,Fri May 31 14:51:10 2019
Ремень OFF-White,490 руб.,https://sun9-45.userapi.com/c849124/v849124610/1a7963/mBdp4r0mkT4.jpg,Fri May 31 14:50:45 2019
Ремень OFF-White,490 руб.,https://sun9-19.userapi.com/c851436/v851436610/12ef33/PBDFyAW9pSI.jpg,Fri May 31 14:50:28 2019
Ремень OFF-White,490 руб.,https://sun9-28.userapi.com/c853520/v853520610/52a64/I1ewKjdgCYQ.jpg,Fri May 31 14:50:03 2019
Ремень OFF-White,490 руб.,https://sun9-53.userapi.com/c852016/v852016610/12f760/0jTteK9XrLM.jpg,Fri May 31 14:49:40 2019
Ремень OFF-White,490 руб.,https://sun9-49.userapi.com/c852032/v852032610/12020b/iZbovs3nOlQ.jpg,Fri May 31 14:49:20 2019
Ремень OFF-White,490 руб.,https://sun9-14.userapi.com/c851332/v851332610/1356f8/SjBtGU7J4M0.jpg,Fri May 31 14:48:57 2019
Ремень OFF-White,490 руб.,https://sun9-38.userapi.com/c850524/v850524610/12fab9/JH3KZJk4fF4.jpg,Fri May 31 14:48:33 2019
Хиппак Napa,1 290 руб.,https://sun9-1.userapi.com/c849432/v849432610/19e98e/RQMGBIco258.jpg,Fri May 31 14:12:39 2019
Сумка Fila,990 руб.,https://sun9-37.userapi.com/c855420/v855420610/4aeb9/zu3X3ujOdHA.jpg,Fri May 31 14:11:13 2019
Сумка Fila,990 руб.,https://sun9-26.userapi.com/c854216/v854216610/56167/huUBKShM02g.jpg,Fri May 31 14:10:45 2019
Сумка Fila,990 руб.,https://sun9-39.userapi.com/c850332/v850332610/156a00/2TziQwopiE0.jpg,Fri May 31 14:09:58 2019
Сумка Fila,990 руб.,https://sun9-13.userapi.com/c850220/v850220818/157c60/yXvOH30gwKM.jpg,Fri May 31 14:04:36 2019
Сумка ,1 290 руб.,https://sun9-42.userapi.com/c848624/v848624818/1a4b55/40i1NkJrxUQ.jpg,Fri May 31 13:57:34 2019
Часы G-shock,1 190 руб.,https://sun9-1.userapi.com/c855220/v855220818/56f32/OvuWkIlAb8c.jpg,Fri May 31 13:15:44 2019
Патч,250 руб.,https://sun9-42.userapi.com/c855624/v855624818/56e95/DBhDC2WPmYc.jpg,Fri May 31 13:14:32 2019
Патч,250 руб.,https://sun9-55.userapi.com/c849520/v849520818/1a746c/pV9JUubIXr0.jpg,Fri May 31 13:14:03 2019
Патч,250 руб.,https://sun9-35.userapi.com/c851520/v851520818/131903/0iFxpl7FoWQ.jpg,Fri May 31 13:12:59 2019
Патч,250 руб.,https://sun9-15.userapi.com/c855024/v855024818/5650d/C_u5W4LHVfA.jpg,Fri May 31 13:12:27 2019
Брелок ,250 руб.,https://sun9-54.userapi.com/c849420/v849420818/1a8576/1gEC_kZxG1Q.jpg,Fri May 31 13:11:45 2019
Брелок,250 руб.,https://sun9-12.userapi.com/c852220/v852220818/13123f/YyQW8Pu1fBA.jpg,Fri May 31 13:11:03 2019
Брелок ,250 руб.,https://sun9-4.userapi.com/c848536/v848536818/1a125c/4BkV6Qr7eoY.jpg,Fri May 31 13:10:34 2019
Брелок ,250 руб.,https://sun9-40.userapi.com/c855736/v855736818/56c27/2CybpQMrsLQ.jpg,Fri May 31 13:09:54 2019
Рюкзак KANKEN classic,1 990 руб.,https://sun9-25.userapi.com/c850532/v850532818/1311aa/KMDlfRdnAPw.jpg,Fri May 31 13:06:17 2019
Рюкзак KANKEN classic,1 990 руб.,https://sun9-33.userapi.com/c855132/v855132818/57afe/a4Y5f6M5IUQ.jpg,Fri May 31 13:05:57 2019
Ремень Rip n Dip,490 руб.,https://sun9-11.userapi.com/c855024/v855024823/41a60/znoKZSW6kyU.jpg,Sat May 18 17:16:30 2019
Ремень Rip n Dip,490 руб.,https://sun9-2.userapi.com/c852124/v852124823/11e23a/dJl82qCSe_Y.jpg,Sat May 18 17:15:55 2019
Джоггеры Champion,2 490 руб.,https://sun9-49.userapi.com/c853520/v853520383/2ece3/YE9dZeOMshM.jpg,Thu Apr 25 13:58:53 2019
Джоггеры Champion,2 490 руб.,https://sun9-9.userapi.com/c851428/v851428383/107005/CeqiTa6QYRk.jpg,Thu Apr 25 13:58:18 2019
Джоггеры Bape,2 490 руб.,https://sun9-45.userapi.com/c854416/v854416383/3168b/0Rkq24bVp3s.jpg,Thu Apr 25 13:53:45 2019
Штаны Ellesse,2 490 руб.,https://sun9-47.userapi.com/c855232/v855232383/2daac/e4W50kXpXy8.jpg,Thu Apr 25 13:52:08 2019
Худи Ellesse,2 790 руб.,https://sun9-33.userapi.com/c850628/v850628383/106e6e/mgXYtD_h4eQ.jpg,Thu Apr 25 13:50:28 2019
Футболка Rip N Dip,830 руб.,https://sun9-48.userapi.com/c850628/v850628383/106e48/3WlwFzWHWmo.jpg,Thu Apr 25 13:49:50 2019
Свитшот Rip N Dip,1 990 руб.,https://sun9-49.userapi.com/c856028/v856028383/2d763/uu4G5oV9EF4.jpg,Thu Apr 25 13:49:06 2019
Худи Rip N Dip ,2 490 руб.,https://sun9-8.userapi.com/c850428/v850428383/1059f0/SewjrCGu-JM.jpg,Thu Apr 25 13:47:54 2019
Свитшот Rip N Dip,1 990 руб.,https://sun9-43.userapi.com/c845218/v845218383/1f391b/1hGRCJtzCJ8.jpg,Thu Apr 25 13:46:51 2019
Худи Rip N Dip,2 490 руб.,https://sun9-30.userapi.com/c852032/v852032383/f6dcb/rizXRycCt48.jpg,Thu Apr 25 13:45:20 2019
Свитшот Ellesse,2 490 руб.,https://sun9-41.userapi.com/c856024/v856024383/2ca16/4W8RTBjQveI.jpg,Thu Apr 25 13:44:32 2019
Свитшот Ellesse,2 490 руб.,https://sun9-22.userapi.com/c846320/v846320383/1efbc5/cW4Vq-WlS4Y.jpg,Thu Apr 25 13:42:51 2019
Свитшот Rip N Dip,1 990 руб.,https://sun9-4.userapi.com/c849024/v849024383/17b71b/i7g6X-gujRY.jpg,Thu Apr 25 13:42:11 2019
Худи Ellesse ,2 790 руб.,https://sun9-36.userapi.com/c852028/v852028383/1050e7/0vGmgOl2JDI.jpg,Thu Apr 25 13:40:21 2019
Худи Ellesse ,2 790 руб.,https://sun9-23.userapi.com/c849120/v849120383/16e358/Yn2raHJSXNo.jpg,Thu Apr 25 13:39:08 2019
Свитшот OFF-White,1 990 руб.,https://sun9-11.userapi.com/c853528/v853528383/2c659/0ObClQtKbCM.jpg,Thu Apr 25 13:37:40 2019
Футболка Rip N Dip,1 190 руб.,https://sun9-2.userapi.com/c855328/v855328383/2eaed/weeDWHrwOYI.jpg,Thu Apr 25 13:30:07 2019
Футболка Rip N Dip,1 190 руб.,https://sun9-42.userapi.com/c844320/v844320383/1f754f/3LQqBrZFJ84.jpg,Thu Apr 25 13:28:03 2019
Футболка Rip N Dip,600 руб.,https://sun9-51.userapi.com/c851032/v851032383/10361f/MA7XLI_d1Aw.jpg,Thu Apr 25 13:27:14 2019
Худи OFF-White ,2 490 руб.,https://sun9-20.userapi.com/c853620/v853620383/2db32/0kMkpv12J58.jpg,Thu Apr 25 13:26:29 2019
Футболка Rip N Dip,1 190 руб.,https://sun9-20.userapi.com/c850120/v850120383/12fa37/hKJa9U_Hebg.jpg,Thu Apr 25 13:23:49 2019
Футболка Ellessе,1 490 руб.,https://sun9-30.userapi.com/c852120/v852120383/109544/jY3NY5t_Uxg.jpg,Thu Apr 25 13:20:48 2019
Футболка Rip N Dip,1 190 руб.,https://sun9-37.userapi.com/c851128/v851128383/108873/hnJqlLCugGs.jpg,Thu Apr 25 13:18:33 2019
Футболка Rip N Dip,1 190 руб.,https://sun9-39.userapi.com/c850024/v850024383/173d3d/r4I3sKJokCY.jpg,Thu Apr 25 13:17:11 2019
Футболка Rip N Dip,1 190 руб.,https://sun9-27.userapi.com/c851028/v851028383/10e81c/6o8tsj8-KqM.jpg,Thu Apr 25 13:16:32 2019
Худи CP,3 190 руб.,https://sun9-19.userapi.com/c847019/v847019383/1f21ba/mXBxye3lzR4.jpg,Thu Apr 25 13:15:03 2019
Футболка Rip N Dip,830 руб.,https://sun9-11.userapi.com/c851016/v851016383/106aaa/YW6GE8bGtLA.jpg,Thu Apr 25 13:10:51 2019
Худи Rip N Dip,2 490 руб.,https://sun9-4.userapi.com/c847124/v847124383/1f315f/v5a3FsL4uxc.jpg,Thu Apr 25 13:09:17 2019
Худи SI,2 490 руб.,https://sun9-21.userapi.com/c846016/v846016383/1f0b57/AwvtM_Q2I_U.jpg,Thu Apr 25 13:03:16 2019
Худи Ellesse,2 790 руб.,https://sun9-45.userapi.com/c845017/v845017383/1f712d/XlbIoxBLD8Q.jpg,Thu Apr 25 13:02:05 2019
Футболка Rip N Dip,1 190 руб.,https://sun9-1.userapi.com/c846417/v846417139/1e8a6b/PNzBci-GgWk.jpg,Thu Apr 25 13:00:52 2019
Свитшот Rip N Dip,1 990 руб.,https://sun9-20.userapi.com/c856136/v856136139/2b134/DCst__I9zXk.jpg,Thu Apr 25 12:59:33 2019
Свитшот Rip N Dip,1 990 руб.,https://sun9-30.userapi.com/c851224/v851224139/107327/x7phGsVWtJ8.jpg,Thu Apr 25 12:58:44 2019
Футболка Rip N Dip,1 190 руб.,https://sun9-16.userapi.com/c848732/v848732139/18169c/EaRAfB-MDew.jpg,Thu Apr 25 12:55:58 2019
Свитшот OFF-white,1 990 руб.,https://sun9-5.userapi.com/c849224/v849224139/1716b0/kgvQ3my-O-o.jpg,Thu Apr 25 12:54:29 2019
Свитшот TH,1 990 руб.,https://sun9-34.userapi.com/c850020/v850020139/1738a1/WmROzdfzep0.jpg,Thu Apr 25 12:53:36 2019
Игрушка KAWS,2 490 руб.,https://sun9-55.userapi.com/c856120/v856120165/2c502/LhpxiW35o9w.jpg,Tue Apr 23 12:27:54 2019
Сумка ,1 290 руб.,https://sun9-28.userapi.com/c855016/v855016165/2a293/7XWudgbx9Zw.jpg,Tue Apr 23 12:27:10 2019
Носки,250 руб.,https://sun9-24.userapi.com/c855424/v855424165/2b54c/9q4ReELcuxg.jpg,Tue Apr 23 12:25:51 2019
Носки,250 руб.,https://sun9-13.userapi.com/c850732/v850732165/10573c/l707iufx_g4.jpg,Tue Apr 23 12:25:30 2019
Носки,250 руб.,https://sun9-23.userapi.com/c847216/v847216926/1e692e/eAnGUPMLBDI.jpg,Tue Apr 23 12:25:14 2019
Носки,250 руб.,https://sun9-25.userapi.com/c850220/v850220926/12be70/-PjCyBBwWvo.jpg,Tue Apr 23 12:24:57 2019
Носки,250 руб.,https://sun9-13.userapi.com/c845221/v845221926/1e855e/NMxNnFXgU0A.jpg,Tue Apr 23 12:24:39 2019
Кепка off-white,990 руб.,https://sun9-7.userapi.com/c846323/v846323926/1ebe05/uwMfYRVFf2o.jpg,Sat Apr 20 12:33:45 2019
Сумка Places+Faces,990 руб.,https://sun9-12.userapi.com/c845219/v845219181/1eac5d/r-k-MIFPuEI.jpg,Sun Apr 14 15:03:56 2019
Носки,250 руб.,https://sun9-43.userapi.com/c854532/v854532370/21687/OVmI5gboAkY.jpg,Sun Apr 14 15:02:12 2019
Носки,250 руб.,https://sun9-44.userapi.com/c848616/v848616181/170313/cBIeRGr0Yl4.jpg,Sun Apr 14 15:01:50 2019
Носки,250 руб.,https://sun9-28.userapi.com/c846321/v846321181/1eabac/zBTEJ2v08Ns.jpg,Sun Apr 14 15:01:14 2019
Носки,250 руб.,https://sun9-10.userapi.com/c851032/v851032370/f7335/OH4hUmftQ_Q.jpg,Sun Apr 14 15:00:54 2019
Очки,790 руб.,https://sun9-23.userapi.com/c846016/v846016273/1e1418/mvxFporw6DE.jpg,Sun Apr 14 15:00:14 2019
Очки,790 руб.,https://sun9-54.userapi.com/c844720/v844720273/1dd258/v7Fv6YoL8ZY.jpg,Sun Apr 14 14:59:25 2019
Очки,790 руб.,https://sun9-19.userapi.com/c845019/v845019273/1e3bfb/TruIBYUOB3o.jpg,Sun Apr 14 14:59:06 2019
Очки,790 руб.,https://sun9-46.userapi.com/c850416/v850416372/22c8e/SDelxJcEgbI.jpg,Sun Apr 14 14:58:43 2019
Очки,790 руб.,https://sun9-37.userapi.com/c855028/v855028372/20c0c/5K9kAeOFPzg.jpg,Sun Apr 14 14:58:19 2019
Очки,790 руб.,https://sun9-26.userapi.com/c855216/v855216372/2165b/hGBX3fyf9lE.jpg,Sun Apr 14 14:57:43 2019
Очки,790 руб.,https://sun9-48.userapi.com/c855424/v855424372/22107/LetDLMtQU2s.jpg,Sun Apr 14 14:55:37 2019
Очки,790 руб.,https://sun9-45.userapi.com/c854416/v854416372/22d69/r5eqf4OnkeU.jpg,Sun Apr 14 14:55:07 2019
Очки,790 руб.,https://sun9-29.userapi.com/c851428/v851428372/ffb78/Zy4D_5nP5M4.jpg,Sun Apr 14 14:54:43 2019
Очки,790 руб.,https://sun9-53.userapi.com/c846520/v846520273/1e1e03/HyoypI6NbXQ.jpg,Sun Apr 14 14:53:57 2019
Очки,790 руб.,https://sun9-37.userapi.com/c855120/v855120372/219a0/oIXtPgIFa0A.jpg,Sun Apr 14 14:53:24 2019
Очки,790 руб.,https://sun9-1.userapi.com/c848636/v848636273/1734da/_dNAfvNhypo.jpg,Sun Apr 14 14:52:28 2019
Очки,790 руб.,https://sun9-20.userapi.com/c850036/v850036273/1609f6/bWA2lfDevXI.jpg,Sun Apr 14 14:50:46 2019
Очки,790 руб.,https://sun9-49.userapi.com/c855336/v855336372/21b8e/-Qr2WwKYwQM.jpg,Sun Apr 14 14:50:19 2019
Очки,790 руб.,https://sun9-48.userapi.com/c851036/v851036372/faeac/fHbbef1EEqA.jpg,Sun Apr 14 14:49:52 2019
Очки,790 руб.,https://sun9-15.userapi.com/c852016/v852016372/f8b09/i13FbowD9XM.jpg,Sun Apr 14 14:48:59 2019
Очки,790 руб.,https://sun9-10.userapi.com/c849332/v849332273/16d61b/AAXySJGszKU.jpg,Sun Apr 14 14:48:21 2019
Очки,790 руб.,https://sun9-46.userapi.com/c851128/v851128372/f6d8c/b4CHA_ppM5o.jpg,Sun Apr 14 14:47:55 2019
Очки,790 руб.,https://sun9-28.userapi.com/c845323/v845323273/1e5dc1/SNHe1T3ArGA.jpg,Sun Apr 14 14:47:13 2019
Очки,790 руб.,https://sun9-9.userapi.com/c850532/v850532372/f94e8/-YUxXIDxWZY.jpg,Sun Apr 14 14:46:33 2019
Очки,790 руб.,https://sun9-53.userapi.com/c855632/v855632372/21310/BWYTGsiEhdE.jpg,Sun Apr 14 14:46:09 2019
Очки,790 руб.,https://sun9-30.userapi.com/c856120/v856120372/21b0f/RXpbhD-sx3s.jpg,Sun Apr 14 14:45:41 2019
Очки,790 руб.,https://sun9-51.userapi.com/c846420/v846420273/1e6061/as6v1GU2wBE.jpg,Sun Apr 14 14:45:15 2019
Очки,790 руб.,https://sun9-22.userapi.com/c851028/v851028372/fb559/Nw5udqJuHLo.jpg,Sun Apr 14 14:44:30 2019
Очки,490 руб.,https://sun9-17.userapi.com/c854028/v854028921/2102b/rHNhK8nLdyc.jpg,Sun Apr 14 12:37:49 2019
Очки,490 руб.,https://sun9-10.userapi.com/c850336/v850336052/12066b/aIceByv7Sz4.jpg,Sun Apr 14 12:37:46 2019
Очки,490 руб.,https://sun9-5.userapi.com/c845120/v845120052/1de584/VX2DVF4TP8k.jpg,Sun Apr 14 12:37:40 2019
Очки,490 руб.,https://sun9-1.userapi.com/c846522/v846522052/1e6849/UcEhhqa-daY.jpg,Sun Apr 14 12:37:31 2019
Очки,490 руб.,https://sun9-49.userapi.com/c845124/v845124052/1e9331/Ku4E_q6xpqw.jpg,Sun Apr 14 12:37:24 2019
Очки,490 руб.,https://sun9-6.userapi.com/c848636/v848636052/171a1f/5qgUBZhRWog.jpg,Sun Apr 14 12:37:22 2019
Очки,490 руб.,https://sun9-54.userapi.com/c851424/v851424921/f7e8c/dmEAkVB_VJA.jpg,Sun Apr 14 12:37:18 2019
Очки,490 руб.,https://sun9-27.userapi.com/c851228/v851228921/101158/wSQ4a3w8k5Q.jpg,Sun Apr 14 12:37:15 2019
Очки,990 руб.,https://sun9-36.userapi.com/c847019/v847019052/1e0bc0/gMpC7_Rr0iM.jpg,Sun Apr 14 12:29:23 2019
Очки,990 руб.,https://sun9-28.userapi.com/c855728/v855728921/21a9a/9OarAiD5YSE.jpg,Sun Apr 14 12:29:21 2019
Очки,990 руб.,https://sun9-20.userapi.com/c855624/v855624921/22f49/I4dEhdRDY4E.jpg,Sun Apr 14 12:29:11 2019
Очки,990 руб.,https://sun9-26.userapi.com/c850024/v850024052/168da0/aj6AUrP43QI.jpg,Sun Apr 14 12:29:03 2019
Очки,990 руб.,https://sun9-40.userapi.com/c854120/v854120921/23099/4LT3wvN-LHw.jpg,Sun Apr 14 12:28:57 2019
Очки,990 руб.,https://sun9-6.userapi.com/c854424/v854424921/21532/oaS3jdgehVA.jpg,Sun Apr 14 12:28:52 2019
Очки,990 руб.,https://sun9-24.userapi.com/c855132/v855132921/220b2/ln8efwBx9hc.jpg,Sun Apr 14 12:22:48 2019
Очки,990 руб.,https://sun9-52.userapi.com/c852220/v852220921/f9682/8N2DZl1vSzg.jpg,Sun Apr 14 12:22:44 2019
Очки,990 руб.,https://sun9-10.userapi.com/c851528/v851528921/fa4f7/2_jd3kn-DBs.jpg,Sun Apr 14 12:22:36 2019
Очки,990 руб.,https://sun9-5.userapi.com/c855228/v855228921/2121d/6n2h4mHpD2o.jpg,Sun Apr 14 12:22:34 2019
Очки,990 руб.,https://sun9-22.userapi.com/c847120/v847120052/1dbae2/03XQpjG8a9g.jpg,Sun Apr 14 12:22:32 2019
Очки,990 руб.,https://sun9-34.userapi.com/c844618/v844618052/1e725e/wMgy2BNIZng.jpg,Sun Apr 14 12:22:29 2019
Очки,990 руб.,https://sun9-48.userapi.com/c846418/v846418052/1ea72b/Ee7sGoLRJEY.jpg,Sun Apr 14 12:22:21 2019
Рюкзак TNF x Supreme,1 990 руб.,https://sun9-34.userapi.com/c849428/v849428559/178b87/VkcG7lhyPag.jpg,Tue Apr  2 12:34:17 2019
Рюкзак TNF x Supreme ,1 990 руб.,https://sun9-41.userapi.com/c850128/v850128559/10dff2/xYTsnyNMyIY.jpg,Tue Apr  2 12:32:50 2019
Рюкзак Supreme x TNF,1 990 руб.,https://sun9-1.userapi.com/c846020/v846020559/1da633/vh_-gAu4_Nc.jpg,Tue Apr  2 12:23:36 2019
Рюкзак Supreme x TNF,1 990 руб.,https://sun9-36.userapi.com/c854524/v854524867/15d1b/M__OTFFiHrA.jpg,Tue Apr  2 12:22:33 2019
Рюкзак Supreme x TNF,1 990 руб.,https://sun9-2.userapi.com/c845217/v845217559/1de06a/KKOxNijFlN8.jpg,Tue Apr  2 12:20:34 2019
Рюкзак Supreme x TNF,1 990 руб.,https://sun9-55.userapi.com/c854224/v854224867/1699d/paOJZFaB5T4.jpg,Tue Apr  2 12:17:44 2019
HGUL+BUG,990 руб.,https://sun9-21.userapi.com/c852028/v852028100/ee2ed/IRWy9wO7sbE.jpg,Sat Mar 23 12:55:17 2019
HGUL+BUG,990 руб.,https://sun9-18.userapi.com/c850016/v850016335/15b350/Gp0bS4YNofc.jpg,Sat Mar 23 12:54:57 2019
HGUL+BUG,990 руб.,https://sun9-51.userapi.com/c845520/v845520335/1d7ed0/GsPjSTIOco0.jpg,Sat Mar 23 12:54:37 2019
HGUL+BUG,990 руб.,https://sun9-16.userapi.com/c854024/v854024100/bb00/FmeS1hf0m4s.jpg,Sat Mar 23 12:54:15 2019
Джемпер Champion ,2 490 руб.,https://sun9-34.userapi.com/c853428/v853428327/af78/KnOFUbxDMzY.jpg,Fri Mar 22 17:45:26 2019
Свитшот ASSC,1 990 руб.,https://sun9-30.userapi.com/c847220/v847220517/1caaef/mw5Sn-TGdZg.jpg,Fri Mar 22 17:42:15 2019
Свитшот Stussy арт. 1610 ,1 990 руб.,https://sun9-41.userapi.com/c850324/v850324517/1087de/4UKNhocgCjo.jpg,Fri Mar 22 17:41:47 2019
Свитшот Stussy,1 990 руб.,https://sun9-26.userapi.com/c851536/v851536327/e7090/cRZZr9JkTBY.jpg,Fri Mar 22 17:41:25 2019
Свитшот Supreme ,1 990 руб.,https://sun9-17.userapi.com/c850136/v850136517/10ad1e/wzwuc5D5tHo.jpg,Fri Mar 22 17:41:00 2019
Свитшот Supreme x Lacoste,1 990 руб.,https://sun9-50.userapi.com/c850016/v850016517/15610c/3FT3l7yPs0k.jpg,Fri Mar 22 17:34:34 2019
Свитшот Champion,1 990 руб.,https://sun9-35.userapi.com/c846221/v846221517/1cf819/RcHTBp4I8-g.jpg,Fri Mar 22 17:31:28 2019
Джинсовка Supreme,3 490 руб.,https://sun9-44.userapi.com/c849532/v849532517/15baca/VF7-KPfC4NE.jpg,Fri Mar 22 17:27:27 2019
Ветровка Supreme,3 990 руб.,https://sun9-14.userapi.com/c846320/v846320517/1c9b7a/KEgr_RLGvmM.jpg,Fri Mar 22 17:26:32 2019
Ветровка SI,3 990 руб.,https://sun9-12.userapi.com/c851424/v851424327/dea3c/KkkQCl9Q-Zg.jpg,Fri Mar 22 17:25:30 2019
Ветровка Supreme ,3 990 руб.,https://sun9-30.userapi.com/c851332/v851332327/e44e3/JOatSau_Msc.jpg,Fri Mar 22 17:23:44 2019
Ветровка Supreme,3 790 руб.,https://sun9-20.userapi.com/c846417/v846417517/1cab26/JL7Gz6Sb2c4.jpg,Fri Mar 22 17:22:55 2019
Ветровка Champion ,3 790 руб.,https://sun9-13.userapi.com/c856032/v856032327/c46a/hN5FGREZIiY.jpg,Fri Mar 22 17:21:05 2019
Джоггеры Champion,2 490 руб.,https://sun9-51.userapi.com/c845520/v845520517/1cfa2f/W-uDWfYQHJA.jpg,Fri Mar 22 17:09:50 2019
Джоггеры Vans,2 490 руб.,https://sun9-28.userapi.com/c854220/v854220327/b781/iYCKkwXnlTc.jpg,Fri Mar 22 17:09:23 2019
Джоггеры TNF,2 490 руб.,https://sun9-3.userapi.com/c851428/v851428327/e7136/eB3AvzcR-V0.jpg,Fri Mar 22 17:07:19 2019
Джоггеры Vans,2 490 руб.,https://sun9-48.userapi.com/c855124/v855124327/b09e/xCbyuDtQKNA.jpg,Fri Mar 22 17:06:15 2019
Спортивные штаны Ellesse,2 490 руб.,https://sun9-9.userapi.com/c855228/v855228327/afed/4jeei9qH2WU.jpg,Fri Mar 22 17:05:20 2019
Спортивные штаны Ellesse,2 490 руб.,https://sun9-22.userapi.com/c845522/v845522517/1cb2e0/_ULDr5W4vPE.jpg,Fri Mar 22 17:04:48 2019
Спортивные штаны Ellesse,2 490 руб.,https://sun9-29.userapi.com/c851324/v851324527/e502b/DEwW2brkKgM.jpg,Fri Mar 22 17:04:10 2019
Джоггеры Palace ,2 490 руб.,https://sun9-25.userapi.com/c846520/v846520925/1d213a/yWGxeyEQE7E.jpg,Fri Mar 22 16:55:41 2019
Джоггеры OFF-White ,2 490 руб.,https://sun9-27.userapi.com/c855620/v855620527/a875/nJB4mqhY12c.jpg,Fri Mar 22 16:53:28 2019
Джоггеры Supreme ,2 490 руб.,https://sun9-17.userapi.com/c854028/v854028527/a91a/erCoLj43kmw.jpg,Fri Mar 22 16:52:40 2019
Джоггеры OFF-White,2 490 руб.,https://sun9-46.userapi.com/c851424/v851424527/dc92b/NhGOoQIynlk.jpg,Fri Mar 22 16:43:53 2019
Футболка Heron Preston ,1 300 руб.,https://sun9-45.userapi.com/c856120/v856120527/ace2/fDolMPnwcRQ.jpg,Fri Mar 22 16:40:03 2019
Рубашка OFF-White ,2 390 руб.,https://sun9-48.userapi.com/c854528/v854528327/b073/cCgFkPlkc84.jpg,Fri Mar 22 17:16:49 2019
Футболка Heron Preston,600 руб.,https://sun9-13.userapi.com/c853628/v853628527/b209/oOXEhO32slY.jpg,Fri Mar 22 16:38:32 2019
Футболка SI,970 руб.,https://sun9-51.userapi.com/c849028/v849028925/15c9cf/A4-kllaUtUU.jpg,Fri Mar 22 16:38:04 2019
Рубашка OFF-White ,2 390 руб.,https://sun9-50.userapi.com/c855120/v855120327/b906/H8PG1ZhuVVQ.jpg,Fri Mar 22 17:15:46 2019
Футболка OFF-White ,1 190 руб.,https://sun9-19.userapi.com/c854520/v854520527/b6e4/AYfueWzjSQI.jpg,Fri Mar 22 16:37:32 2019
Футболка OFF-White ,1 190 руб.,https://sun9-47.userapi.com/c847217/v847217925/1c6849/k3NxKd0ELxw.jpg,Fri Mar 22 16:37:07 2019
Футболка SI,1 390 руб.,https://sun9-39.userapi.com/c852028/v852028527/e228d/Ao6k1DouEHE.jpg,Fri Mar 22 16:34:28 2019
Футболка SI,1 390 руб.,https://sun9-18.userapi.com/c846123/v846123925/1cba92/cEr56QltFX4.jpg,Fri Mar 22 16:34:02 2019
Футболка Champion,1 190 руб.,https://sun9-25.userapi.com/c844720/v844720925/1d1e06/WgZb48aQa2Y.jpg,Fri Mar 22 16:33:28 2019
Футболка Rip N Dip,1 190 руб.,https://sun9-50.userapi.com/c851216/v851216527/e56aa/NhnZ8GbIoRU.jpg,Fri Mar 22 16:33:06 2019
Футболка SI,1 390 руб.,https://sun9-38.userapi.com/c849336/v849336925/159f90/2PxHx6Wyikw.jpg,Fri Mar 22 16:30:04 2019
Олимпийка Givenchy,2 490 руб.,https://sun9-3.userapi.com/c852136/v852136327/e04f5/10UemWJKo3A.jpg,Fri Mar 22 17:28:57 2019
Худи Kith,2 490 руб.,https://sun9-56.userapi.com/c846123/v846123925/1cba57/-TjHWP2OB60.jpg,Fri Mar 22 16:23:00 2019
Худи Evisu,2 490 руб.,https://sun9-52.userapi.com/c849536/v849536925/15c1ba/KyvYZea2f4U.jpg,Fri Mar 22 16:19:56 2019
Худи CP,3 490 руб.,https://sun9-22.userapi.com/c846216/v846216925/1cc9c3/13-aHeoHVb8.jpg,Fri Mar 22 16:19:23 2019
Худи Stussy,2 490 руб.,https://sun9-32.userapi.com/c846124/v846124925/1c7fa1/qbtRpD01V7s.jpg,Fri Mar 22 16:16:11 2019
Худи Champion ,2 490 руб.,https://sun9-50.userapi.com/c852020/v852020527/edbbd/WmrZwKdUkZY.jpg,Fri Mar 22 16:15:36 2019
Худи RipNDip,2 490 руб.,https://sun9-25.userapi.com/c856024/v856024527/ae96/jpay2y2eVJY.jpg,Fri Mar 22 16:14:56 2019
Худи Champion ,2 490 руб.,https://sun9-41.userapi.com/c851536/v851536527/e8fc4/G89Pmc47t5o.jpg,Fri Mar 22 16:14:28 2019
Худи OFF-White ,2 490 руб.,https://sun9-34.userapi.com/c855520/v855520527/ae26/gsXEtDCZJsM.jpg,Fri Mar 22 16:14:01 2019
Худи RipNDip,2 490 руб.,https://sun9-42.userapi.com/c846420/v846420925/1cdc11/Cdxu0dLSric.jpg,Fri Mar 22 16:13:30 2019
Худи Balenciaga,2 490 руб.,https://sun9-18.userapi.com/c856028/v856028527/adf7/DAhKXN00UaA.jpg,Fri Mar 22 16:12:16 2019
Худи OFF-White ,2 490 руб.,https://sun9-40.userapi.com/c850524/v850524527/e60cd/2sNsLfmXalI.jpg,Fri Mar 22 16:05:28 2019
Худи Champion ,2 490 руб.,https://sun9-25.userapi.com/c848636/v848636952/158333/tNGQTFTnWew.jpg,Fri Mar 22 16:00:28 2019
Худи OFF-White ,2 490 руб.,https://sun9-52.userapi.com/c846123/v846123952/1ce2d3/nrbmvyfo_jc.jpg,Fri Mar 22 15:59:38 2019
Ремень ,490 руб.,https://sun9-39.userapi.com/c849528/v849528869/146e2f/Lm5n7PumryA.jpg,Wed Mar 20 12:13:50 2019
Часы,990 руб.,https://sun9-1.userapi.com/c845217/v845217024/1c3723/mPne1ry3_0s.jpg,Mon Mar 18 20:06:46 2019
Бейсболка CP (с линзами),1 300 руб.,https://sun9-38.userapi.com/c847017/v847017024/1c5a62/ogksMIou-iY.jpg,Sun Mar 17 11:43:33 2019
Футболка Ellessе,1 490 руб.,https://sun9-43.userapi.com/c844618/v844618613/1a14c1/rWGlwh17W18.jpg,Sun Feb 10 17:20:25 2019
Худи CP,3 190 руб.,https://sun9-39.userapi.com/c849128/v849128306/127766/3V0U1KlaS8w.jpg,Sat Feb  9 14:17:33 2019
Свитшот OFF-White ,2 190 руб.,https://sun9-11.userapi.com/c849536/v849536367/11e5be/2jLtSc2cLgM.jpg,Fri Feb  8 17:07:41 2019
Свитшот OFF-White ,1 990 руб.,https://sun9-55.userapi.com/c845220/v845220227/19d909/fIp7v1KfDCE.jpg,Fri Feb  8 15:36:34 2019
Худи Ellesse,2 790 руб.,https://sun9-8.userapi.com/c849432/v849432227/11b502/jCOK5g1IfFI.jpg,Fri Feb  8 15:36:07 2019
Свитшот SI,2 990 руб.,https://sun9-56.userapi.com/c845419/v845419227/1a2915/AzwOYyDjyF4.jpg,Fri Feb  8 15:35:23 2019
Свитшот SI,2 990 руб.,https://sun9-12.userapi.com/c851232/v851232596/afd94/KIdpQN1dxpc.jpg,Fri Feb  8 15:34:57 2019
Свитшот SI,2 490 руб.,https://sun9-55.userapi.com/c849416/v849416227/1244aa/h9xzotmdkjs.jpg,Fri Feb  8 15:32:23 2019
Свитшот SI,2 190 руб.,https://sun9-52.userapi.com/c848524/v848524227/12a16a/MDdefh6AyVs.jpg,Fri Feb  8 15:31:55 2019
Свитшот SI,2 190 руб.,https://sun9-51.userapi.com/c852016/v852016596/b2eb8/cQez-55Qdpw.jpg,Fri Feb  8 15:32:46 2019
Свитшот OFF-White,2 190 руб.,https://sun9-21.userapi.com/c845418/v845418227/1a213b/qqIzLRAVfa4.jpg,Fri Feb  8 15:33:54 2019
Свитшот TNF x Supreme ,1 990 руб.,https://sun9-33.userapi.com/c850724/v850724080/aead9/SgMoV2x00aQ.jpg,Fri Feb  8 14:25:34 2019
Худи OFF-White ,2 490 руб.,https://sun9-31.userapi.com/c845524/v845524416/1a2bf1/mBlgD7M3w4o.jpg,Fri Feb  8 14:25:00 2019
Свитшот OFF-White ,2 190 руб.,https://sun9-53.userapi.com/c846419/v846419416/19547b/VOSZmV-hOMs.jpg,Fri Feb  8 14:24:01 2019
Свитшот OFF-White,2 190 руб.,https://sun9-48.userapi.com/c848636/v848636416/12ca74/X-zj5--Cs24.jpg,Fri Feb  8 14:23:30 2019
Свитшот OFF-White ,2 490 руб.,https://sun9-13.userapi.com/c849232/v849232416/12a43f/9EfL75qiSHU.jpg,Fri Feb  8 14:22:21 2019
Свитшот OFF-White,2 190 руб.,https://sun9-42.userapi.com/c849128/v849128416/124a78/hx-kv1lB0po.jpg,Fri Feb  8 14:21:39 2019
Свитшот Ellesse,2 590 руб.,https://sun9-23.userapi.com/c847016/v847016416/19af22/og8tjc9qFnE.jpg,Fri Feb  8 14:21:17 2019
Свитшот Ellesse ,2 590 руб.,https://sun9-3.userapi.com/c849528/v849528416/1135d1/7t6RPJXOAEY.jpg,Fri Feb  8 14:20:50 2019
Худи Ellesse ,2 790 руб.,https://sun9-50.userapi.com/c845121/v845121416/19f493/JePAXmTRn0o.jpg,Fri Feb  8 14:20:25 2019
Свитшот Ellesse ,2 790 руб.,https://sun9-8.userapi.com/c844216/v844216416/19833c/1T5Kx7xDOdM.jpg,Fri Feb  8 14:20:05 2019
Худи Ellesse ,2 790 руб.,https://sun9-27.userapi.com/c850036/v850036416/1238da/kEk9XvcEplI.jpg,Fri Feb  8 14:19:40 2019
Свитшот Ellesse ,2 590 руб.,https://sun9-33.userapi.com/c851436/v851436080/afd0b/jCp--hx8vUc.jpg,Fri Feb  8 14:18:32 2019
Худи Ellesse ,2 790 руб.,https://sun9-41.userapi.com/c848532/v848532416/127d75/WfUDRgpi9i4.jpg,Fri Feb  8 14:18:04 2019
Свитшот Ellesse ,2 590 руб.,https://sun9-52.userapi.com/c846323/v846323416/1980c1/1JsQ3Iz884s.jpg,Fri Feb  8 14:17:39 2019
Худи Ellesse ,2 790 руб.,https://sun9-40.userapi.com/c846218/v846218416/197bfd/FfbVbYE4jOs.jpg,Fri Feb  8 14:17:17 2019
Свитшот Ellesse ,2 590 руб.,https://sun9-56.userapi.com/c851428/v851428080/b642a/LXnzsQ2d3oE.jpg,Fri Feb  8 14:16:08 2019
Худи OFF-White ,2 490 руб.,https://sun9-52.userapi.com/c851520/v851520080/adbb6/mvs3c7N9qi8.jpg,Fri Feb  8 14:12:11 2019
Свитшот CP,2 990 руб.,https://sun9-53.userapi.com/c846520/v846520416/19aa3e/nH_6gZTPUCg.jpg,Fri Feb  8 14:09:14 2019
Джинсовка OFF-White ,2 990 руб.,https://sun9-37.userapi.com/c844721/v844721656/1a5c5c/Vkw3cDw_BZg.jpg,Fri Feb  8 13:46:23 2019
Джинсовка OFF-White ,2 990 руб.,https://sun9-2.userapi.com/c845123/v845123656/19a1f5/JfPWsZlr7b8.jpg,Fri Feb  8 13:33:53 2019
Джинсовка Champion ,2 990 руб.,https://sun9-37.userapi.com/c851228/v851228991/b02c4/9ejQzOeRYrI.jpg,Fri Feb  8 13:33:25 2019
Ветровка TNF ,3 490 руб.,https://sun9-3.userapi.com/c844617/v844617656/1982bd/WHOrjSOpRDI.jpg,Fri Feb  8 13:42:46 2019
Ветровка TNF ,3 790 руб.,https://sun9-23.userapi.com/c851532/v851532991/aff18/9l-MJcAhmzc.jpg,Fri Feb  8 13:42:15 2019
Ветровка TNF ,3 990 руб.,https://sun9-33.userapi.com/c845019/v845019656/19fed8/dsmknWEbndo.jpg,Fri Feb  8 13:40:57 2019
Ветровка TNF ,3 790 руб.,https://sun9-41.userapi.com/c851436/v851436991/b22e8/kvJK73fjyc4.jpg,Fri Feb  8 13:40:21 2019
Спортивные штаны Champion ,2 490 руб.,https://sun9-14.userapi.com/c850636/v850636991/adb74/ys9VCRSzyvo.jpg,Fri Feb  8 13:27:56 2019
Джоггеры Champion,2 490 руб.,https://sun9-48.userapi.com/c850432/v850432991/b00d5/ugzc_I6J0b8.jpg,Fri Feb  8 13:25:01 2019
Джоггеры Supreme ,2 490 руб.,https://sun9-53.userapi.com/c851416/v851416991/b0d60/BIY8ZMGUvXo.jpg,Fri Feb  8 13:22:25 2019
Джоггеры Stussy,2 490 руб.,https://sun9-4.userapi.com/c845324/v845324656/1a2c95/y-NuPvlbIGM.jpg,Fri Feb  8 13:21:45 2019
Спортивные штаны Stussy ,2 490 руб.,https://sun9-13.userapi.com/c847018/v847018656/194b32/7MBuB9gmt_E.jpg,Fri Feb  8 13:21:14 2019
Джоггеры OFF-White ,2 490 руб.,https://sun9-36.userapi.com/c845016/v845016656/1a153b/NLlO6ULV8NE.jpg,Fri Feb  8 13:18:31 2019
Джоггеры OFF-White,2 490 руб.,https://sun9-54.userapi.com/c850528/v850528991/b1913/MXk6zhldkDw.jpg,Fri Feb  8 13:17:57 2019
Джоггеры Ellesse ,2 490 руб.,https://sun9-21.userapi.com/c846322/v846322656/192ff9/0ML4PVkjFeQ.jpg,Fri Feb  8 13:17:19 2019
Джоггеры Ellesse,2 490 руб.,https://sun9-39.userapi.com/c845521/v845521656/197739/vYnojhFcR6g.jpg,Fri Feb  8 13:16:50 2019
Джоггеры Ellesse,2 490 руб.,https://sun9-39.userapi.com/c846418/v846418656/195434/OjosxMAfCeg.jpg,Fri Feb  8 13:15:58 2019
Джоггеры Ellesse,2 490 руб.,https://sun9-21.userapi.com/c851432/v851432951/b370d/RC9fOUiFXKk.jpg,Fri Feb  8 13:14:16 2019
Футболка Ellesse ,1 490 руб.,https://sun9-26.userapi.com/c845416/v845416779/19c352/KVcEJVg9JCU.jpg,Fri Feb  8 12:21:53 2019
Футболка Ellessе,1 490 руб.,https://sun9-12.userapi.com/c844724/v844724779/19b69c/iRyopclTnfI.jpg,Fri Feb  8 12:50:05 2019
Футболка Ellessе,1 490 руб.,https://sun9-5.userapi.com/c846322/v846322779/1912ad/WwD9iYylR7I.jpg,Fri Feb  8 12:49:10 2019
Футболка Ellessе,1 490 руб.,https://sun9-35.userapi.com/c851136/v851136951/abb01/DyQzRHXpruw.jpg,Fri Feb  8 12:25:40 2019
Футболка Champion,650 руб.,https://sun9-8.userapi.com/c850232/v850232779/d859c/LBBRsxVb9GA.jpg,Fri Feb  8 12:45:18 2019
Футболка Champion ,600 руб.,https://sun9-47.userapi.com/c846017/v846017779/1a3a73/7FwDkazD8yw.jpg,Fri Feb  8 12:43:57 2019
Футболка OFF-White ,1 190 руб.,https://sun9-32.userapi.com/c850720/v850720951/adab4/ZlqStwhSXh8.jpg,Fri Feb  8 12:46:07 2019
Футболка OFF-White,1 190 руб.,https://sun9-12.userapi.com/c850128/v850128779/cb211/JIMWx8G-Jgk.jpg,Fri Feb  8 12:47:00 2019
Футболка OFF-White ,910 руб.,https://sun9-37.userapi.com/c849120/v849120779/116536/qcLL1CnJbXc.jpg,Fri Feb  8 12:47:30 2019
Футболка OFF-White ,1 190 руб.,https://sun9-28.userapi.com/c852120/v852120951/ae4da/zb372sn5N3Q.jpg,Fri Feb  8 12:27:15 2019
Футболка OFF-White ,1 190 руб.,https://sun9-54.userapi.com/c851524/v851524951/b4f6b/orh6DuQny2Y.jpg,Fri Feb  8 12:25:02 2019
Футболка OFF-White ,1 190 руб.,https://sun9-35.userapi.com/c848636/v848636779/1207db/R0HVva-sWRc.jpg,Fri Feb  8 12:24:29 2019
Футболка OFF-White,1 190 руб.,https://sun9-55.userapi.com/c845017/v845017779/19fd8d/OcWmteaMAw0.jpg,Fri Feb  8 12:23:58 2019
Футболка OFF,1 190 руб.,https://sun9-56.userapi.com/c844723/v844723779/1a44e8/XQ3P0_GOgd8.jpg,Fri Feb  8 12:22:46 2019
Поло CP,690 руб.,https://sun9-26.userapi.com/c847120/v847120779/197c9b/gqy4UEnt4AM.jpg,Fri Feb  8 12:42:55 2019
Поло SI,1 390 руб.,https://sun9-25.userapi.com/c851220/v851220951/ac19f/SQyEdQnNTk0.jpg,Fri Feb  8 12:29:28 2019
Бейсболка Champion,990 руб.,https://sun9-25.userapi.com/c845216/v845216504/19c5a8/AIp1u0Se2N8.jpg,Thu Feb  7 14:15:43 2019
Бейсболка Champion,990 руб.,https://sun9-15.userapi.com/c845220/v845220504/1a45c3/zn9oTgE-htw.jpg,Thu Feb  7 14:14:33 2019
Бейсболка TNF,990 руб.,https://sun9-31.userapi.com/c845122/v845122504/1a182d/yfRZZ2rxYnE.jpg,Thu Feb  7 14:14:00 2019
Бейсболка TNF,990 руб.,https://sun9-20.userapi.com/c844722/v844722504/19fa30/-iLt7l6gxD0.jpg,Thu Feb  7 14:13:32 2019
Бейсболка TNF,990 руб.,https://sun9-27.userapi.com/c844721/v844721504/198f6e/9_Hzpv4WdKw.jpg,Thu Feb  7 14:12:55 2019
Бейсболка Palace,990 руб.,https://sun9-20.userapi.com/c845123/v845123504/19fe3c/N4u6XaQRPu4.jpg,Thu Feb  7 14:12:18 2019
Бейсболка Palace,990 руб.,https://sun9-48.userapi.com/c847123/v847123504/197b44/I21qj1MJxbo.jpg,Thu Feb  7 14:11:31 2019
Бейсболка Stussy,990 руб.,https://sun9-46.userapi.com/c850720/v850720006/af5f0/L-smvKASxNM.jpg,Thu Feb  7 14:09:42 2019
Бейсболка Polo,990 руб.,https://sun9-11.userapi.com/c850728/v850728006/ae6c7/asNISjHlWQA.jpg,Thu Feb  7 14:08:00 2019
Бейсболка Polo,990 руб.,https://sun9-42.userapi.com/c850132/v850132504/d678d/FjtNKUnQup0.jpg,Thu Feb  7 14:06:06 2019
Бейсболка Polo,990 руб.,https://sun9-22.userapi.com/c845520/v845520504/1a38a5/2GJZmYis53w.jpg,Thu Feb  7 14:05:01 2019
Бейсболка C.P. Company,990 руб.,https://sun9-10.userapi.com/c846418/v846418023/1909e4/bCtZmo4wk-o.jpg,Sun Feb  3 11:44:37 2019
Сумка Supreme,990 руб.,https://sun9-45.userapi.com/c851528/v851528911/a9e56/WKJAeMRM-eI.jpg,Sun Feb  3 11:40:33 2019
Сумка Supreme,990 руб.,https://sun9-24.userapi.com/c852236/v852236911/a8f53/eOTYFhZ1bVg.jpg,Sun Feb  3 11:40:08 2019
Сумка Palace,990 руб.,https://sun9-27.userapi.com/c845123/v845123023/18f00d/NoKeoGck7-w.jpg,Sun Feb  3 11:38:11 2019
Сумка Palace,990 руб.,https://sun9-48.userapi.com/c851120/v851120911/a8224/dyQ2ParRRuc.jpg,Sun Feb  3 11:37:40 2019
Сумка Supreme,790 руб.,https://sun9-56.userapi.com/c852232/v852232911/a9347/Y1KgUKh-rtA.jpg,Sun Feb  3 11:35:40 2019
Сумка Supreme,790 руб.,https://sun9-29.userapi.com/c848520/v848520023/119435/3M5FWZjHHbg.jpg,Sun Feb  3 11:33:02 2019
Сумка Supreme,790 руб.,https://sun9-13.userapi.com/c850428/v850428911/aae12/_OwGK1jPPac.jpg,Sun Feb  3 11:31:29 2019
Сумка Supreme,790 руб.,https://sun9-38.userapi.com/c852236/v852236911/a8f37/GS5JW4QYf7U.jpg,Sun Feb  3 11:31:07 2019
Сумка Supreme,990 руб.,https://sun9-44.userapi.com/c850532/v850532911/ad6fc/linzl4G90gA.jpg,Sun Feb  3 11:29:41 2019
Сумка Supreme,990 руб.,https://sun9-3.userapi.com/c849428/v849428023/116c86/3AcI_HHWlhc.jpg,Sun Feb  3 11:28:58 2019
Сумка Supreme,990 руб.,https://sun9-5.userapi.com/c852028/v852028911/ad431/W1zlWOUSkdk.jpg,Sun Feb  3 11:28:27 2019
Сумка Supreme,790 руб.,https://sun9-26.userapi.com/c849124/v849124023/11e5f2/nynmlxykXSI.jpg,Sun Feb  3 11:27:53 2019
Худи Stussy,2 490 руб.,https://sun9-7.userapi.com/c846419/v846419934/1680b0/62e3ewbS5YI.jpg,Sat Jan  5 12:10:44 2019
Худи OFF-White,2 490 руб.,https://sun9-26.userapi.com/c849120/v849120934/ee849/ssHyC19yQTY.jpg,Sat Jan  5 12:09:59 2019
Свитшот OFF-White,1 990 руб.,https://sun9-25.userapi.com/c847020/v847020934/1685ba/V0H99DwvQSY.jpg,Sat Jan  5 12:08:46 2019
Свитшот OFF-White,1 990 руб.,https://sun9-32.userapi.com/c845418/v845418934/174cf1/wyGlzKtzMaE.jpg,Sat Jan  5 12:08:11 2019
Свитшот Champion,1 990 руб.,https://sun9-29.userapi.com/c845522/v845522934/1726be/eJQz1v5MQUc.jpg,Sat Jan  5 12:07:28 2019
Худи Champion ,2 490 руб.,https://sun9-9.userapi.com/c849536/v849536934/f6a7d/jyL6ea4Gzt8.jpg,Sat Jan  5 12:06:46 2019
Свитшот Champion,1 990 руб.,https://sun9-30.userapi.com/c850420/v850420013/82fc6/sJeqKJx2wYk.jpg,Sat Jan  5 12:06:09 2019
Свитер Supreme x Come des Garcons,2 790 руб.,https://sun9-6.userapi.com/c845123/v845123934/16f653/1_Ar9yuHFUw.jpg,Sat Jan  5 12:04:20 2019
Свитшот Champion,1 990 руб.,https://sun9-37.userapi.com/c850520/v850520013/831dd/TPHOZ5AjSV8.jpg,Sat Jan  5 12:03:25 2019
Толстовка Champion,2 490 руб.,https://sun9-13.userapi.com/c852024/v852024013/84996/OdPNwZVDwg0.jpg,Sat Jan  5 12:02:39 2019
Водолазка Heron Preston,2 190 руб.,https://sun9-45.userapi.com/c851428/v851428013/83dfe/pZf552nSG6I.jpg,Sat Jan  5 12:00:53 2019
Свитшот Champion,1 990 руб.,https://sun9-48.userapi.com/c850432/v850432547/85979/aSLV9JILQVE.jpg,Sat Jan  5 11:59:26 2019
Худи Balanciaga,2 490 руб.,https://sun9-30.userapi.com/c847221/v847221555/16e8f7/r-xH2wmAHr0.jpg,Sat Jan  5 11:55:44 2019
Худи FOG,2 490 руб.,https://sun9-8.userapi.com/c846418/v846418555/175aba/WtJ3iQCH4bY.jpg,Sat Jan  5 11:54:50 2019
Худи OFF-White ,2 490 руб.,https://sun9-39.userapi.com/c844720/v844720555/16673c/tQLywvY6z5A.jpg,Sat Jan  5 11:52:58 2019
Сумка ,990 руб.,https://sun9-39.userapi.com/c852220/v852220547/8499e/bWQIB7hQMEc.jpg,Sat Jan  5 11:51:05 2019
Сумка,990 руб.,https://sun9-37.userapi.com/c847121/v847121555/168bbf/RTlZRJf2UzM.jpg,Sat Jan  5 11:49:48 2019
Сумка,990 руб.,https://sun9-24.userapi.com/c845217/v845217555/17f5d5/Ku2xQtRJ8fI.jpg,Sat Jan  5 11:49:23 2019
Свитшот Burberry,2 490 руб.,https://sun9-8.userapi.com/c849532/v849532941/eb847/oJjm9wlxkYc.jpg,Wed Dec 26 15:56:38 2018
Худи C.P. Company,3 190 руб.,https://sun9-19.userapi.com/c851032/v851032138/763b5/kC-Q3G7Q2LM.jpg,Wed Dec 26 15:51:53 2018
Анорак NAPAPIJRI,3 990 руб.,https://sun9-32.userapi.com/c844320/v844320941/166826/DWCKpITFSwo.jpg,Wed Dec 26 15:04:49 2018
Анорак NAPAPIJRI,3 990 руб.,https://sun9-22.userapi.com/c850624/v850624138/750f7/n4ieApXwAF4.jpg,Wed Dec 26 15:03:50 2018
Ремень ,490 руб.,https://sun9-29.userapi.com/c844723/v844723806/16582e/kphK-ij9ixA.jpg,Wed Dec 26 14:59:33 2018
Ремень ,490 руб.,https://sun9-30.userapi.com/c846120/v846120806/16173c/RLk7SwVYFdw.jpg,Wed Dec 26 14:58:35 2018
Ремень ,490 руб.,https://sun9-35.userapi.com/c846121/v846121806/160127/s5P63ue_Ty0.jpg,Wed Dec 26 14:57:43 2018
Ремень ,490 руб.,https://sun9-25.userapi.com/c848532/v848532806/f6cf2/U9n3a0xU2gE.jpg,Wed Dec 26 14:57:06 2018
Ремень ,490 руб.,https://sun9-45.userapi.com/c851232/v851232635/72537/YEj35a_YPtM.jpg,Wed Dec 26 14:55:48 2018
Ремень ,490 руб.,https://sun9-18.userapi.com/c845017/v845017806/169cdc/EZYY4WOeuhs.jpg,Wed Dec 26 14:54:41 2018
Ремень ,490 руб.,https://sun9-11.userapi.com/c847017/v847017806/15eb20/smIRSDa-pW8.jpg,Wed Dec 26 14:54:21 2018
Ремень ,490 руб.,https://sun9-25.userapi.com/c852132/v852132635/762bb/Mnx_R2IIQzI.jpg,Wed Dec 26 14:52:20 2018
Худи Champion ,2 490 руб.,https://sun9-26.userapi.com/c844418/v844418541/1500bb/QpNdVnBBkKo.jpg,Thu Dec 13 15:56:23 2018
Свитшот Champion,1 990 руб.,https://sun9-22.userapi.com/c846220/v846220541/150856/dekYS-ihe5Y.jpg,Thu Dec 13 15:54:30 2018
Свитшот Champion,1 990 руб.,https://sun9-3.userapi.com/c846420/v846420541/150d37/U79-3xKAWcY.jpg,Thu Dec 13 15:52:23 2018
Худи Champion ,2 490 руб.,https://sun9-47.userapi.com/c850232/v850232541/8f084/QUQBiF79A0s.jpg,Thu Dec 13 15:51:52 2018
Свитшот Stussy,1 990 руб.,https://sun9-10.userapi.com/c846221/v846221541/14f841/uTFyeWa9WwE.jpg,Thu Dec 13 15:49:59 2018
Худи Champion ,2 490 руб.,https://sun9-13.userapi.com/c846221/v846221541/14f82f/Gu8kvamWGKE.jpg,Thu Dec 13 15:49:13 2018
Свитшот Champion,1 990 руб.,https://sun9-27.userapi.com/c850124/v850124541/8d151/szFADtcnfDI.jpg,Thu Dec 13 15:48:44 2018
Худи OFF-White ,2 490 руб.,https://sun9-36.userapi.com/c848732/v848732541/e0f1a/e6CFeKOIwpE.jpg,Thu Dec 13 15:47:55 2018
Футболка Stussy,1 390 руб.,https://sun9-3.userapi.com/c851428/v851428029/66f6c/98kI0goKUyo.jpg,Thu Dec 13 15:47:30 2018
Худи OFF-White ,2 490 руб.,https://sun9-8.userapi.com/c846220/v846220541/1507fb/-x6jg9E4o2k.jpg,Thu Dec 13 15:45:13 2018
Футболка Off-White,1 390 руб.,https://sun9-4.userapi.com/c851536/v851536029/681f4/iBePMZw37_M.jpg,Thu Dec 13 15:44:46 2018
Худи OFF-White ,2 490 руб.,https://sun9-1.userapi.com/c847019/v847019541/152c7d/zilluiWDha4.jpg,Thu Dec 13 15:44:09 2018
Худи OFF-White ,2 490 руб.,https://sun9-48.userapi.com/c844520/v844520541/149c37/omPmg5gSCfQ.jpg,Thu Dec 13 15:38:02 2018
Футболка Off-White,1 390 руб.,https://sun9-30.userapi.com/c845324/v845324541/153349/cJy4U-V0_Uo.jpg,Thu Dec 13 15:37:03 2018
Худи OFF-White ,2 490 руб.,https://sun9-5.userapi.com/c848632/v848632541/d77f8/meeWyXMRWL4.jpg,Thu Dec 13 15:36:19 2018
Футболка Off-White,1 390 руб.,https://sun9-26.userapi.com/c849420/v849420541/dabcb/auly5oShq0A.jpg,Thu Dec 13 15:35:43 2018
Худи OFF-White ,2 490 руб.,https://sun9-36.userapi.com/c845321/v845321541/156ce4/xMGILm3SROE.jpg,Thu Dec 13 15:35:11 2018
Футболка Off-White,1 390 руб.,https://sun9-6.userapi.com/c846322/v846322541/1546c6/jIlQT2EL7dc.jpg,Thu Dec 13 15:34:39 2018
Футболка TNF ,1 390 руб.,https://sun9-22.userapi.com/c846017/v846017541/14e525/URFtQrMOLYU.jpg,Thu Dec 13 15:33:33 2018
Футболка SI,1 390 руб.,https://sun9-44.userapi.com/c851420/v851420029/65d06/pxcxSmawxgg.jpg,Thu Dec 13 15:19:52 2018
Футболка SI,1 390 руб.,https://sun9-54.userapi.com/c851020/v851020029/669de/0jVRmSZEULY.jpg,Thu Dec 13 15:09:11 2018
Футболка SI,1 390 руб.,https://sun9-25.userapi.com/c850736/v850736029/67d86/I0Er-YNpP10.jpg,Thu Dec 13 15:06:48 2018
Джоггеры Supreme ,2 490 руб.,https://sun9-4.userapi.com/c851124/v851124029/646d9/z3rhMgOf4PE.jpg,Thu Dec 13 15:00:44 2018
Ремень ,490 руб.,https://sun9-3.userapi.com/c850436/v850436782/614aa/9pGJCW0eiBA.jpg,Sat Dec  8 14:29:49 2018
Подвеска на ключи(брелок),250 руб.,https://sun9-51.userapi.com/c847121/v847121925/1480ef/5_ppAfTYySU.jpg,Sat Dec  8 14:27:06 2018
Кошелек Supreme x LV,990 руб.,https://sun9-8.userapi.com/c845321/v845321925/14c97c/aOB-qCeHZqY.jpg,Sat Dec  8 14:26:25 2018
Кошелек Supreme x LV,990 руб.,https://sun9-25.userapi.com/c845020/v845020925/14b09f/-qPJ6RZ8ERM.jpg,Sat Dec  8 14:25:39 2018
Худи OFF-White ,2 490 руб.,https://sun9-46.userapi.com/c846019/v846019626/12cce5/wo2vFDqUASw.jpg,Sat Nov 17 17:59:03 2018
Худи OFF-White ,2 490 руб.,https://sun9-42.userapi.com/c830109/v830109626/1dace3/KmorASint7o.jpg,Sat Nov 17 17:49:13 2018
Спортивные штаны Champion,2 490 руб.,https://sun9-51.userapi.com/c844723/v844723626/133ad0/jCKKbSfgrWE.jpg,Sat Nov 17 17:47:16 2018
Джоггеры Stussy,2 490 руб.,https://sun9-27.userapi.com/c851124/v851124912/431bd/WZVaZW9Uc0c.jpg,Sat Nov 17 18:04:13 2018
Спортивные штаны Vans,2 490 руб.,https://sun9-54.userapi.com/c850016/v850016252/b2945/R7X0wdd6kUc.jpg,Fri Nov  9 14:29:56 2018
Ветровка Supreme ,3 990 руб.,https://sun9-36.userapi.com/c845123/v845123080/11316e/ZyNWghRJzt4.jpg,Mon Oct 15 10:38:48 2018
Анорак NAPAPIJRI (Зимний),3 990 руб.,https://sun9-14.userapi.com/c851336/v851336544/372ff/IJ5OEQVgf-U.jpg,Sun Oct  7 18:33:20 2018
Анорак NAPAPIJRI (Зимний),3 990 руб.,https://sun9-20.userapi.com/c849416/v849416405/94982/q7Xv9-mL0w0.jpg,Sun Oct  7 18:32:20 2018
Ремень ,490 руб.,https://sun9-23.userapi.com/c849332/v849332250/8c10a/faOJgNWdDhY.jpg,Tue Oct  2 17:30:00 2018
Ремень,490 руб.,https://sun9-2.userapi.com/c844216/v844216250/fc9fc/UhTDec-n6k0.jpg,Tue Oct  2 17:29:09 2018
Рюкзак Fila,1 990 руб.,https://sun9-30.userapi.com/c834304/v834304405/13431f/OzeEuqpXcNo.jpg,Wed Sep 26 17:25:10 2018
Рюкзак Fila,1 990 руб.,https://sun9-37.userapi.com/c830709/v830709405/19f869/3Bqq0yvzViU.jpg,Wed Sep 26 17:23:01 2018
Анорак NAPAPIJRI,3 490 руб.,https://sun9-25.userapi.com/c845521/v845521470/eab00/VE6yVhvAxPI.jpg,Tue Sep 11 12:23:32 2018
Часы ,490 руб.,https://sun9-46.userapi.com/c849120/v849120196/63d62/X-1w9E2evlY.jpg,Thu Sep  6 13:28:28 2018
Часы ,490 руб.,https://sun9-4.userapi.com/c846521/v846521196/e4761/-22qtFd1-5M.jpg,Thu Sep  6 13:28:02 2018
Часы ,490 руб.,https://sun9-28.userapi.com/c831109/v831109196/18ffad/8vXqnsuAfEc.jpg,Thu Sep  6 13:27:31 2018
Рюкзак KANKEN classic,1 990 руб.,https://sun9-19.userapi.com/c849532/v849532196/727a2/ST6XWj69l6k.jpg,Thu Sep  6 13:08:31 2018
Рюкзак KANKEN classic,1 990 руб.,https://sun9-48.userapi.com/c846416/v846416196/e228f/rgZHB0WfQRw.jpg,Thu Sep  6 13:07:58 2018
Рюкзак KANKEN classic,1 990 руб.,https://sun9-2.userapi.com/c845420/v845420196/e8e37/_MGj0y7NkX0.jpg,Thu Sep  6 13:07:04 2018
Рюкзак KANKEN classic,1 990 руб.,https://sun9-9.userapi.com/c846416/v846416196/e226a/NeTB4AZWWFE.jpg,Thu Sep  6 13:06:09 2018
Ветровка Supreme,3 990 руб.,https://sun9-33.userapi.com/c846122/v846122273/bce5a/CSM-Rf6SFPY.jpg,Mon Aug 13 12:44:04 2018
Ветровка Supreme,3 790 руб.,https://sun9-43.userapi.com/c824600/v824600273/1acc9f/CLM0osFRTHA.jpg,Mon Aug 13 12:43:38 2018
Рюкзак Supreme ,1 990 руб.,https://sun9-55.userapi.com/c845420/v845420306/c0a7f/fPPXsuN38qU.jpg,Sat Aug 11 13:19:02 2018
Рюкзак Supreme,1 990 руб.,https://sun9-40.userapi.com/c850020/v850020329/2fd2f/iQwA-sfK1C0.jpg,Fri Jul 20 14:38:40 2018
Футболка Rip N Dip,1 190 руб.,https://sun9-53.userapi.com/c849336/v849336819/27184/B1s4FSBwYrc.jpg,Sat Jul 14 12:17:01 2018
Патч SI,250 руб.,https://sun9-14.userapi.com/c845521/v845521554/9d41e/tcnN9WNWCGM.jpg,Sat Jul 14 11:40:15 2018
Патч SI,250 руб.,https://sun9-19.userapi.com/c845524/v845524554/a54a6/CB7L4aFqqcQ.jpg,Sat Jul 14 11:39:57 2018
Патч SI,250 руб.,https://sun9-28.userapi.com/c845520/v845520554/a183e/kuSVY4xyZlE.jpg,Sat Jul 14 11:39:28 2018
Патч SI,250 руб.,https://sun9-12.userapi.com/c849428/v849428554/27a78/e7sZCGY3LoU.jpg,Sat Jul 14 11:39:02 2018
Штаны Kappa,2 490 руб.,https://sun9-37.userapi.com/c824700/v824700056/190318/do2OZQVVMqM.jpg,Thu Jul 12 17:10:57 2018
Ремень CP,490 руб.,https://sun9-27.userapi.com/c852128/v852128224/b9c5f/_0LAnsudG_c.jpg,Thu Jul 12 14:59:49 2018
Футболка Rip N Dip,1 190 руб.,https://sun9-51.userapi.com/c849420/v849420063/12b544/b_scG9heBCI.jpg,Fri Jun 22 15:04:45 2018
Футболка Stussy,1 190 руб.,https://sun9-15.userapi.com/c846018/v846018063/1a2310/OLn4NK6FJYg.jpg,Tue Jun 19 13:34:05 2018
Рюкзак KANKEN classic,1 990 руб.,https://sun9-10.userapi.com/c830109/v830109129/feb6f/VQueXOLD0x4.jpg,Sun May 20 11:43:49 2018
Шорты Champion x Supreme,1 790 руб.,https://sun9-8.userapi.com/c846416/v846416024/50d12/-Fehgy1X00s.jpg,Tue May 15 00:57:49 2018
Шорты Supreme,1 790 руб.,https://sun9-4.userapi.com/c846523/v846523024/4c611/PEQY6xYKjaY.jpg,Tue May 15 00:53:06 2018
Штаны Kappa,2 490 руб.,https://sun9-21.userapi.com/c845217/v845217024/50ea1/TBSVEBe-rYg.jpg,Tue May 15 00:46:33 2018
Штаны Kappa,2 490 руб.,https://sun9-16.userapi.com/c845219/v845219024/54151/7h3gTZTHpo4.jpg,Tue May 15 00:44:43 2018
Шорты Supreme,1 790 руб.,https://sun9-44.userapi.com/c834201/v834201024/139ebc/LAepNKSpM9Y.jpg,Tue May 15 00:43:10 2018
Шорты Bape ,1 790 руб.,https://sun9-26.userapi.com/c845123/v845123024/52823/d7cvZc1RVTQ.jpg,Tue May 15 00:42:12 2018
Футболка Champion,1 190 руб.,https://sun9-17.userapi.com/c846419/v846419122/4c2b6/RiXUX1vQuuU.jpg,Sun May 13 18:55:35 2018
 Футболка Champion,1 190 руб.,https://sun9-43.userapi.com/c834200/v834200122/1350fc/aAvNVeI9LPs.jpg,Sun May 13 18:27:26 2018
Футболка Champion,1 190 руб.,https://sun9-41.userapi.com/c844320/v844320122/54131/sMh9f24LYRE.jpg,Sun May 13 18:21:45 2018
Поясная сумка Supreme,990 руб.,https://sun9-36.userapi.com/c846418/v846418364/3c042/wv20xDwpdVs.jpg,Wed May  2 12:13:39 2018
Поясная сумка Supreme,990 руб.,https://sun9-38.userapi.com/c824202/v824202364/130d68/e4ogpg-NxOY.jpg,Wed May  2 12:12:35 2018
Анорак NAPA,2 990 руб.,https://sun9-19.userapi.com/c845120/v845120432/31325/JEk8X_CB-z0.jpg,Thu Apr 19 15:35:12 2018
Худи Supreme,2 490 руб.,https://sun9-10.userapi.com/c834303/v834303032/c6f18/b7GY7fdY9IY.jpg,Wed Feb 21 14:39:25 2018
Худи Supreme ,2 490 руб.,https://sun9-34.userapi.com/c834201/v834201402/10297f/VezLhMl3BS0.jpg,Thu Apr  5 15:17:39 2018
Штаны Champion,2 490 руб.,https://sun9-40.userapi.com/c639830/v639830590/768d9/nEYaQ-pPIAM.jpg,Thu Nov  9 12:23:01 2017
Рюкзак Kanken ,1 990 руб.,https://sun9-29.userapi.com/c845520/v845520616/1d9d7/PZxjiGSnfiM.jpg,Wed Apr  4 21:43:29 2018
Рюкзак Kanken ,1 990 руб.,https://sun9-38.userapi.com/c845019/v845019616/1e599/b10WadWujy4.jpg,Wed Apr  4 21:40:06 2018
Анорак Champion,3 790 руб.,https://sun9-46.userapi.com/c849224/v849224052/dccf2/-hw34Vx5ff8.jpg,Thu Dec  6 16:33:44 2018
Бейсболка Yeezy  (старая цена 990) ,690 руб.,https://sun9-30.userapi.com/c845017/v845017888/7acd/st5D2NeQ7xc.jpg,Mon Mar 19 11:30:55 2018
Часы,990 руб.,https://sun9-14.userapi.com/c844723/v844723888/7ec0/ivPrJCSgoUI.jpg,Mon Mar 19 11:25:10 2018
Часы,990 руб.,https://sun9-14.userapi.com/c840736/v840736888/67a55/ski5BsZMGtg.jpg,Mon Mar 19 11:23:05 2018
Худи Champion ,2 490 руб.,https://sun9-21.userapi.com/c824504/v824504271/c4731/yCNhrx3xmi4.jpg,Wed Feb 21 15:08:11 2018
Футболка Champion,1 150 руб.,https://sun9-40.userapi.com/c840723/v840723032/596fa/2SozngEIHe0.jpg,Wed Feb 21 14:50:08 2018
Футболка Champion,1 150 руб.,https://sun9-23.userapi.com/c830108/v830108032/83d7d/aDhVQNLrgJA.jpg,Wed Feb 21 14:48:50 2018
Футболка Champion,1 150 руб.,https://sun9-4.userapi.com/c840735/v840735032/585d6/uJbVMZYF_OI.jpg,Wed Feb 21 14:48:13 2018
Ветровка NAPA,2 990 руб.,https://sun9-43.userapi.com/c855220/v855220706/b8884/EBZB87QBOpQ.jpg,Thu Apr  5 15:14:43 2018
Ремень,490 руб.,https://sun9-47.userapi.com/c831208/v831208162/5677c/dYkyWGq5Ins.jpg,Wed Jan 24 16:50:49 2018
Ремень,490 руб.,https://sun9-14.userapi.com/c841633/v841633162/60fc3/XCK94w2CPdQ.jpg,Wed Jan 24 16:44:42 2018
Ремень,490 руб.,https://sun9-1.userapi.com/c840129/v840129162/69715/Xq2kw1Da5Ac.jpg,Wed Jan 24 16:38:25 2018
Рюкзак Classic,1 990 руб.,https://sun9-44.userapi.com/c840539/v840539655/482a7/K-3ZJBGHu_k.jpg,Wed Jan 24 14:51:16 2018
Рюкзак Classic,1 990 руб.,https://sun9-29.userapi.com/c824409/v824409655/939fd/QXUljC1xMIU.jpg,Wed Jan 24 14:48:56 2018
Рюкзак Classic,1 990 руб.,https://sun9-33.userapi.com/c824200/v824200655/91b5d/b3rtSagU-lY.jpg,Wed Jan 24 14:44:16 2018
Рюкзак Classic,1 990 руб.,https://sun9-14.userapi.com/c841223/v841223655/66953/BH6NHkucjsQ.jpg,Wed Jan 24 14:35:59 2018
Рюкзак Classic,2 490 руб.,https://sun9-42.userapi.com/c840127/v840127655/703c1/Trx6DFELzZ0.jpg,Wed Jan 24 14:34:33 2018
Рюкзак Classic,2 490 руб.,https://sun9-32.userapi.com/c841236/v841236655/60424/WYnGrPkEU7g.jpg,Wed Jan 24 14:31:04 2018
Рюкзак Classic,1 990 руб.,https://sun9-21.userapi.com/c841535/v841535479/474f5/4BJNTXhWRqU.jpg,Mon Dec 11 20:29:42 2017
Рюкзак Classic,1 990 руб.,https://sun9-12.userapi.com/c831309/v831309479/ca8b/ahcWSxf02lM.jpg,Mon Dec 11 20:27:20 2017
Рюкзак Classic,1 990 руб.,https://sun9-42.userapi.com/c840235/v840235479/50cc8/zxfiLRzCvoc.jpg,Mon Dec 11 20:26:20 2017
Рюкзак Claccis,1 990 руб.,https://sun9-28.userapi.com/c621513/v621513479/43269/ugnXi6cMehA.jpg,Mon Dec 11 20:25:44 2017
Рюкзак Classic,1 990 руб.,https://sun9-30.userapi.com/c831409/v831409479/daa5/Tqn2MrzWUa8.jpg,Mon Dec 11 20:25:06 2017
Часы,990 руб.,https://sun9-10.userapi.com/c841026/v841026691/45978/eU2qHxBWCWs.jpg,Wed Nov 29 19:15:10 2017
Рюкзак,1 990 руб.,https://sun9-6.userapi.com/c836125/v836125550/62fb6/iRqkzsGY7Cg.jpg,Thu Aug 31 00:17:41 2017
Сумка,1 490 руб.,https://sun9-21.userapi.com/c837727/v837727058/6240d/geeBs50NL-Q.jpg,Sun Aug 27 19:46:54 2017
Часы,990 руб.,https://sun9-12.userapi.com/c837727/v837727058/620ca/ctKVu1XFF_E.jpg,Sun Aug 27 19:34:45 2017
